유해ㆍ위험작업의 취업 제한에 관한 규칙 ( 약칭: 취업제한규칙 ),,,,,,,,,,,,,,,,,,,,,,,,,,,,,
"[시행 2026. 4. 7.] [고용노동부령 제464호, 2026. 4. 7., 일부개정]",,,,,,,,,,,,,,,,,,,,,,,,,,,,,
제1조(목적),,,,,,,,,,,,,,,,,,,,,,,,,,,,,
제2조(정의),,,,,,,,,,,,,,,,,,,,,,,,,,,,,
제3조(자격ㆍ면허 등이 필요한 작업의 범위 등) 제4조(자격취득 등을 위한 교육기관) 제5조(지정 신청 등),,,,,,,,,,,,,,,,,,,,,,,,,,,,,
제6조(지정서의 반납) 제6조의2,,,,,,,,,,,,,,,,,,,,,,,,,,,,,
제7조(교육 내용 및 기간 등) 제8조(교육방법 등) 제9조(교육계획의 수립) 제10조(등록),,,,,,,,,,,,,,,,,,,,,,,,,,,,,
제11조(수료증 등의 발급) 제12조(수료증등의 재발급) 제13조,,,,,,,,,,,,,,,,,,,,,,,,,,,,,
,,,,,,,,,,,,,,,,,,,,,,,,,,,,,
법제처                                                            1                                                       국가법령정보센터,,,,,,,,,,,,,,,,,,,,,,,,,,,,,
,,,,,,,,,,,,,,,,,,,,,,,,,,,,,
유해ㆍ위험작업의 취업 제한에 관한 규칙 ( 약칭: 취업제한규칙 ),,,,,,,,,,,,,,,,,,,,,,,,,,,,,
"[시행 2026. 4. 7.] [고용노동부령 제464호, 2026. 4. 7., 일부개정]",,,,,,,,,,,,,,,,,,,,,,,,,,,,,
고용노동부 (산업안전기준과) 044-202-8856,,,,,,,,,,,,,,,,,,,,,,,,,,,,,
제1조(목적) 이 규칙은 「산업안전보건법」 제140조에 따라 유해하거나 위험한 작업에 대한 취업 제한에 관한 사항과 그 시행에 필요한 사항을 규정함을 목적으로 한다. <개정 2019. 12. 26.>,,,,,,,,,,,,,,,,,,,,,,,,,,,,,
[전문개정 2011. 3. 16.],,,,,,,,,,,,,,,,,,,,,,,,,,,,,
제2조(정의) 이 규칙에서 사용하는 용어의 뜻은 이 규칙에 특별한 규정이 없으면 「산업안전보건법」(이하 “법”이라 한다,,,,,,,,,,,,,,,,,,,,,,,,,,,,,
"), 같은 법 시행령, 같은 법 시행규칙, 「산업안전보건기준에 관한 규칙」에서 정하는 바에 따른다. <개정 2011. 7. 6.> [전문개정 2011. 3. 16.]",,,,,,,,,,,,,,,,,,,,,,,,,,,,,
제3조(자격ㆍ면허 등이 필요한 작업의 범위 등) ① 법 제140조제1항에 따른 작업과 그 작업에 필요한 자격ㆍ면허ㆍ경 험 또는 기능은 별표 1과 같다. <개정 2019. 12. 26.>,,,,,,,,,,,,,,,,,,,,,,,,,,,,,
"② 법 제140조제1항에 따른 작업에 대한 취업 제한은 별표 1에 규정된 해당 법령에서 정하는 경우를 제외하고는 해 당 작업을 직접 하는 사람에게만 적용하며, 해당 작업의 보조자에게는 적용하지 아니한다.<개정 2019. 12. 26.> [전문개정 2011. 3. 16.]",,,,,,,,,,,,,,,,,,,,,,,,,,,,,
제4조(자격취득 등을 위한 교육기관) ① 법 제140조제2항에 따른 자격ㆍ면허의 취득 또는 근로자의 기능습득을 위한,,,,,,,,,,,,,,,,,,,,,,,,,,,,,
"교육기관은 「한국산업안전보건공단법」에 따른 한국산업안전보건공단(이하 “공단”이라 한다)과 「민법」 또는 특별법 에 따라 설립된 법인으로서 별표 1의2에 따른 인력, 별표 2부터 별표 5까지 및 별표 5의2부터 별표 5의4까지에 따른 시설ㆍ장비를 갖춘 기관 중 해당 법인의 소재지를 관할하는 지방고용노동청장 또는 지청장(이하 “관할 지방고용노동 관서의 장”이라 한다)의 지정을 받은 기관(이하 “지정교육기관”이라 한다)으로 한다. <개정 2019. 1. 31., 2019. 12.",,,,,,,,,,,,,,,,,,,,,,,,,,,,,
26.>,,,,,,,,,,,,,,,,,,,,,,,,,,,,,
② 관할 지방고용노동관서의 장은 제1항에 따른 지정을 하는 경우에는 인력 수급(需給) 상황을 고려하여야 한다. [전문개정 2011. 3. 16.],,,,,,,,,,,,,,,,,,,,,,,,,,,,,
제5조(지정 신청 등) ① 지정교육기관의 지정을 받으려는 자는 별지 제1호서식의 교육기관 지정신청서에 다음 각 호의 서류를 첨부하여 관할 지방고용노동관서의 장에게 제출하여야 한다.,,,,,,,,,,,,,,,,,,,,,,,,,,,,,
1. 정관,,,,,,,,,,,,,,,,,,,,,,,,,,,,,
2. 별표 1의2에 따른 인력기준에 해당하는 사람의 자격과 채용을 증명할 수 있는 서류,,,,,,,,,,,,,,,,,,,,,,,,,,,,,
3. 건물임대차계약서 사본이나  그 밖에 사무실의 보유를 증명할 수 있는 서류(건물등기부 등본을 통하여 사무실을 확인할 수 없는 경우만 해당한다)와 시설ㆍ설비 명세서,,,,,,,,,,,,,,,,,,,,,,,,,,,,,
4. 최초 1년간의 교육계획서,,,,,,,,,,,,,,,,,,,,,,,,,,,,,
② 제1항에 따른 신청서를 받은 관할 지방고용노동관서의 장은 「전자정부법」 제36조제1항에 따른 행정정보의 공 동이용을 통하여 다음 각 호의 서류를 확인하여야 한다.,,,,,,,,,,,,,,,,,,,,,,,,,,,,,
1. 법인등기사항증명서,,,,,,,,,,,,,,,,,,,,,,,,,,,,,
2. 건물등기부 등본,,,,,,,,,,,,,,,,,,,,,,,,,,,,,
③ 관할 지방고용노동관서의 장은 제1항에 따라 교육기관 지정신청서를 접수한 경우에는 지정신청서를 접수한 날 부터 30일 이내에 별지 제2호서식의 교육기관 지정서를 발급하거나 신청을 반려하여야 한다.,,,,,,,,,,,,,,,,,,,,,,,,,,,,,
④ 제3항에 따라 교육기관 지정서를 발급받은 자가 지정서를 잃어버렸거나 헐어서 못 쓰게 된 경우에는 재발급을 신청할 수 있다.,,,,,,,,,,,,,,,,,,,,,,,,,,,,,
⑤ 지정교육기관은 보유 인력ㆍ시설을 변경한 경우에는 변경일부터 20일 이내에 별지 제3호서식의 인력ㆍ시설 변 경신고서에 그 사실을 증명하는 서류 및 교육기관 지정서를 첨부하여 관할 지방고용노동관서의 장에게 제출하여야,,,,,,,,,,,,,,,,,,,,,,,,,,,,,
,,,,,,,,,,,,,,,,,,,,,,,,,,,,,
법제처                                                            2                                                       국가법령정보센터,,,,,,,,,,,,,,,,,,,,,,,,,,,,,
한다. 이 경우 관할 지방고용노동관서의 장은 신고서가 접수된 날부터 30일 이내에 변경된 사항을 반영하여 별지,,,,,,,,,,,,,,,,,,,,,,,,,,,,,
"제2호서식의 교육기관 지정서를 발급하거나, 제출서류에 미비한 점이 있을 경우 보완을 요청하여야 한다. [전문개정 2011. 3. 16.]",,,,,,,,,,,,,,,,,,,,,,,,,,,,,
제6조(지정서의 반납) 법 제140조제4항에 따라 준용되는 법 제21조제4항에 따라 지정이 취소된 지정교육기관은 지체 없이 제5조제3항에 따른 교육기관 지정서를 관할 지방고용노동관서의 장에게 반납하여야 한다. <개정 2019. 12.,,,,,,,,,,,,,,,,,,,,,,,,,,,,,
26.>,,,,,,,,,,,,,,,,,,,,,,,,,,,,,
[전문개정 2011. 3. 16.],,,,,,,,,,,,,,,,,,,,,,,,,,,,,
제6조의2 삭제 <2011. 3. 16.>,,,,,,,,,,,,,,,,,,,,,,,,,,,,,
제7조(교육 내용 및 기간 등) 공단 또는 지정교육기관(이하 “교육기관”이라 한다)에서 법 제140조제1항에 따른 자격을 취득하거나 기능을 습득하려는 사람은 별표 6에 따른 교육 내용 및 기간(시간)을 이수하여야 한다. <개정 2019. 12. 26.>,,,,,,,,,,,,,,,,,,,,,,,,,,,,,
[전문개정 2011. 3. 16.],,,,,,,,,,,,,,,,,,,,,,,,,,,,,
"제8조(교육방법 등) ① 교육기관이 법 제140조제1항에 따른 자격의 취득 또는 기능의 습득을 위한 교육을 실시할 때에 는 별표 6에 따른 교육내용에 적합한 교과과목을 편성하고, 교과과목에 적합한 강사를 배치하여 교육목적을 효과적 으로 달성할 수 있도록 하여야 한다. <개정 2019. 12. 26.>",,,,,,,,,,,,,,,,,,,,,,,,,,,,,
"② 제1항에 따른 교육을 실시할 때 강사 1명당 교육 인원은 이론교육의 경우에는 30명 이내, 실기교육의 경우에는 10명 이내로 하여야 한다.",,,,,,,,,,,,,,,,,,,,,,,,,,,,,
[전문개정 2011. 3. 16.],,,,,,,,,,,,,,,,,,,,,,,,,,,,,
제9조(교육계획의 수립) ① 교육기관은 매년도 교육계획을 수립하여 교육을 실시하여야 한다.,,,,,,,,,,,,,,,,,,,,,,,,,,,,,
② 제1항에 따른 교육계획에는 다음 각 호의 사항이 포함되어야 한다.,,,,,,,,,,,,,,,,,,,,,,,,,,,,,
1. 교육 일시 및 장소,,,,,,,,,,,,,,,,,,,,,,,,,,,,,
2. 교육과정별 교육대상 인원,,,,,,,,,,,,,,,,,,,,,,,,,,,,,
3. 교육수수료,,,,,,,,,,,,,,,,,,,,,,,,,,,,,
4. 강사(학력 및 경력이 포함되어야 한다),,,,,,,,,,,,,,,,,,,,,,,,,,,,,
"5. 수료시험에 관한 사항(시험위원회 구성, 출제 및 채점 기준 등이 포함되어야 한다) [전문개정 2011. 3. 16.]",,,,,,,,,,,,,,,,,,,,,,,,,,,,,
제10조(등록) 법 제140조제1항에 따른 자격의 취득 또는 기능의 습득을 위한 교육을 받으려는 사람은 별지 제4호서식 의 교육수강 신청서를 교육기관에 제출하고 등록을 하여야 한다. <개정 2019. 12. 26.>,,,,,,,,,,,,,,,,,,,,,,,,,,,,,
[전문개정 2011. 3. 16.],,,,,,,,,,,,,,,,,,,,,,,,,,,,,
제11조(수료증 등의 발급) ① 교육기관은 법 제140조제1항에 따른 자격의 취득에 관하여 정해진 교육을 이수(정해진 교육시간의 10분의 9 이상을 이수한 경우를 말한다)하고 수료시험에 합격한 사람에게 별지 제5호서식의 자격교육 수료증을 발급하여야 한다. <개정 2019. 12. 26.>,,,,,,,,,,,,,,,,,,,,,,,,,,,,,
"② 제1항에 따른 수료시험은 교육 종료 전에 실시하여야 하며, 필기시험과 실기시험으로 구분하여 다음 각 호의 방 법으로 실시하여야 한다.",,,,,,,,,,,,,,,,,,,,,,,,,,,,,
1. 필기시험: 선택형 위주로 실시,,,,,,,,,,,,,,,,,,,,,,,,,,,,,
2. 실기시험: 실험ㆍ실습 위주로 실시,,,,,,,,,,,,,,,,,,,,,,,,,,,,,
③ 교육기관은 법 제140조제1항에 따른 기능의 습득에 관하여 정해진 교육을 이수한 사람에게 별지 제6호서식의 기능습득 교육이수증을 발급하여야 한다.<개정 2019. 12. 26.>,,,,,,,,,,,,,,,,,,,,,,,,,,,,,
④ 제1항 및 제3항에 따른 자격교육 수료증 또는 기능습득 교육이수증(이하 “수료증등”이라 한다)을 발급받은 사람 은 해당 수료증등을 타인에게 양도하거나 대여해서는 아니 된다.,,,,,,,,,,,,,,,,,,,,,,,,,,,,,
,,,,,,,,,,,,,,,,,,,,,,,,,,,,,
법제처                                                            3                                                       국가법령정보센터,,,,,,,,,,,,,,,,,,,,,,,,,,,,,
[전문개정 2011. 3. 16.],,,,,,,,,,,,,,,,,,,,,,,,,,,,,
제12조(수료증등의 재발급) ① 수료증등을 발급받은 사람이 수료증등을 잃어버렸거나 헐어서 못 쓰게 된 경우에는 즉 시 별지 제7호서식의 수료증등 재발급신청서를 해당 수료증등을 발급한 교육기관에 제출하여 수료증등을 재발급받 아야 한다.,,,,,,,,,,,,,,,,,,,,,,,,,,,,,
② 수료증등이 헐어서 못 쓰게 된 사람이 제1항에 따른 신청을 하는 경우에는 해당 신청서에 그 수료증등을 첨부하 여야 한다.,,,,,,,,,,,,,,,,,,,,,,,,,,,,,
③ 수료증등을 재발급받은 후 잃어버린 수료증등을 되찾은 사람은 되찾은 수료증등을 지체 없이 해당 수료증등을 발급한 교육기관에 반납하여야 한다.,,,,,,,,,,,,,,,,,,,,,,,,,,,,,
[전문개정 2011. 3. 16.],,,,,,,,,,,,,,,,,,,,,,,,,,,,,
제13조 삭제 <2011. 3. 16.>,,,,,,,,,,,,,,,,,,,,,,,,,,,,,
"부칙 <제77호,1992. 3. 21.>",,,,,,,,,,,,,,,,,,,,,,,,,,,,,
①(시행일) 이 규칙은 1992년 7월 1일부터 시행한다.,,,,,,,,,,,,,,,,,,,,,,,,,,,,,
"②(자격등에 의한 취업제한에 대한 경과조치) 이 규칙 시행당시 제3조제1항의 규정에 의한 작업에 취업하고 있는 근로 자로서 이 규칙에서 정하는 자격 또는 면허의 취득, 기능습득 또는 경험등 취업요건에 미달하는 자는 1993년 12월 31일 까지 당해취업요건을 갖추어야 한다.",,,,,,,,,,,,,,,,,,,,,,,,,,,,,
"부칙 <제88호,1994. 1. 7.>",,,,,,,,,,,,,,,,,,,,,,,,,,,,,
①(시행일) 이 규칙은 공포한 날부터 시행한다.,,,,,,,,,,,,,,,,,,,,,,,,,,,,,
"②(자격등에 의한 취업제한에 대한 경과조치) 이 규칙 시행당시 제3조제1항의 규정에 의한 작업에 취업하고 있는 근로 자로서 그 자격ㆍ면허ㆍ기능 또는 경험등의 취업요건이 [별표 1]의 제12호란 내지 제14호란의 개정규정에 의한 자격ㆍ 면허ㆍ기능 또는 경험등의 취업요건에 미달하는 자는 1994년 12월 31일까지 그 취업요건을 갖추어야 하고, 동표의 제 21호란의 신설규정에 의한 자격ㆍ면허ㆍ기능 또는 경험등의 취업요건에 미달하는 자로서 국가기술자격법에 의한 양화 장치운전기능사보 자격을 소지한 자는 1998년 12월 31일까지, 그외의 자는 1996년 12월 31일까지 각각 그 취업요건을 갖추어야 한다.<개정 1995. 6. 5.>",,,,,,,,,,,,,,,,,,,,,,,,,,,,,
③(컨테이너크레인조종업무를 행할 수 있는 자격에 대한 경과조치) 컨테이너크레인조종업무에 종사하고 있는 근로자로 서 1993년 12월 31일까지 양화장치운전기능사 2급이상의 자격을 취득한 자는 [별표 1] 제13호란의 개정규정에 불구하,,,,,,,,,,,,,,,,,,,,,,,,,,,,,
고 컨테이너크레인조종업무를 담당할 수 있다.,,,,,,,,,,,,,,,,,,,,,,,,,,,,,
"부칙 <제550호,1994. 3. 24.>(건설기계관리법시행규칙)",,,,,,,,,,,,,,,,,,,,,,,,,,,,,
제1조 (시행일) 이 규칙은 공포한 날부터 시행한다. 제2조 내지 제8조 생략,,,,,,,,,,,,,,,,,,,,,,,,,,,,,
제9조 (다른 법령의 개정) ①내지 ⑨생략,,,,,,,,,,,,,,,,,,,,,,,,,,,,,
⑩유해ㆍ위험작업의취업제한에관한규칙중 다음과 같이 개정한다.,,,,,,,,,,,,,,,,,,,,,,,,,,,,,
"[별표 1]제4호의 작업명란중 “중기관리법”을 각각 “건설기계관리법”으로, “중기”를 “건설기계”로 한다.",,,,,,,,,,,,,,,,,,,,,,,,,,,,,
,,,,,,,,,,,,,,,,,,,,,,,,,,,,,
법제처                                                            4                                                       국가법령정보센터,,,,,,,,,,,,,,,,,,,,,,,,,,,,,
[별표 1]제4호의 자격ㆍ면허ㆍ기능 또는 경험란중 “중기관리법”을 “건설기계관리법”으로 한다.,,,,,,,,,,,,,,,,,,,,,,,,,,,,,
⑪ 및 ⑫생략,,,,,,,,,,,,,,,,,,,,,,,,,,,,,
⑬제1항 내지 제12항의 규정외에 이 규칙 시행당시에 다른 법령에서 종전의 중기관리법ㆍ중기관리법시행령 또는 중기관리법시행규칙을 인용하고 있는 경우에 이 규칙중 그에 해당하는 규정이 있는 경우에는 종전의 규정에 갈음 하여 이 규칙의 해당규정을 인용한 것으로 본다.,,,,,,,,,,,,,,,,,,,,,,,,,,,,,
"부칙 <제99호,1995. 6. 5.>",,,,,,,,,,,,,,,,,,,,,,,,,,,,,
이 규칙은 공포한 날부터 시행한다.,,,,,,,,,,,,,,,,,,,,,,,,,,,,,
"부칙 <제111호,1996. 11. 12.>",,,,,,,,,,,,,,,,,,,,,,,,,,,,,
이 규칙은 공포한 날부터 시행한다.,,,,,,,,,,,,,,,,,,,,,,,,,,,,,
"부칙 <제140호,1999. 1. 14.>",,,,,,,,,,,,,,,,,,,,,,,,,,,,,
①(시행일) 이 규칙은 공포한 날부터 시행한다.,,,,,,,,,,,,,,,,,,,,,,,,,,,,,
②(자격취득등을 위한 교육기관에 관한 경과조치) 이 규칙 시행당시 종전의 규정에 의하여 자격취득등을 위한 교육기관 으로 노동부장관의 지정을 받은 기관은 관할지방노동관서의 장의 지정을 받은 것으로 본다.,,,,,,,,,,,,,,,,,,,,,,,,,,,,,
"부칙 <제248호,2006. 3. 2.>(노동부와 그 소속기관 직제 시행규칙)",,,,,,,,,,,,,,,,,,,,,,,,,,,,,
제1조 (시행일) 이 규칙은 공포한 날부터 시행한다. 제2조 내지 제5조 생략,,,,,,,,,,,,,,,,,,,,,,,,,,,,,
제6조 (다른 법령의 개정) ①「유해위험작업의 취업제한에 관한 규칙」 일부를 다음과 같이 개정한다. 제4조제1항중 “지방노동사무소”를 “지청”으로 한다.,,,,,,,,,,,,,,,,,,,,,,,,,,,,,
②내지 ⑤생략,,,,,,,,,,,,,,,,,,,,,,,,,,,,,
제7조 생략,,,,,,,,,,,,,,,,,,,,,,,,,,,,,
"부칙 <제255호,2006. 7. 19.>(행정정보의 공동이용 및 문서감축을 위한 「고용보험법 시행칙규칙」등 일부개정령)",,,,,,,,,,,,,,,,,,,,,,,,,,,,,
이 규칙은 공포한 날부터 시행한다.,,,,,,,,,,,,,,,,,,,,,,,,,,,,,
"부칙 <제261호,2006. 10. 23.>",,,,,,,,,,,,,,,,,,,,,,,,,,,,,
"제1조 (시행일) 이 규칙은 공포한 날부터 시행한다. 다만, 별표 1의 12.란 및 21.란의 개정규정은 2007년 7월 1일부터 시행한다.",,,,,,,,,,,,,,,,,,,,,,,,,,,,,
제2조 (직업능력개발훈련 및 지정교육기관훈련 이수자에 대한 경과조치) 부칙 제1조 단서의 시행당시 종전의 별표 1의 12.란의 2에 따른 직업능력개발훈련 이수자 및 동란의 3에 따른 당해교육기관에서 교육을 이수하고 수료시험,,,,,,,,,,,,,,,,,,,,,,,,,,,,,
에 합격한 자는 별표 1의 12.란의 개정규정에 불구하고 타워크레인 조종작업 자격이 있는 것으로 본다.,,,,,,,,,,,,,,,,,,,,,,,,,,,,,
,,,,,,,,,,,,,,,,,,,,,,,,,,,,,
법제처                                                            5                                                       국가법령정보센터,,,,,,,,,,,,,,,,,,,,,,,,,,,,,
제3조 (기중기운전기능사에 대한 경과조치) 부칙 제1조 단서의 시행당시 종전의 별표 1의 12.란에 따른 기중기운전기,,,,,,,,,,,,,,,,,,,,,,,,,,,,,
능사 자격취득자로서 3개월 이상의 타워크레인 운전경험이 있는 자는 2008년 12월 31일까지 한국산업안전공단에 서 시행하는 타워크레인 운전전문교육을 이수한 경우에 한하여 타워크레인 조종작업 자격이 있는 것으로 본다.,,,,,,,,,,,,,,,,,,,,,,,,,,,,,
제4조 (무인타워크레인 조종업무 유경험자에 대한 경과조치) 부칙 제1조 단서의 시행당시 별표 1의 12.란의 개정규정 에 따른 조종석이 설치되지 아니한 정격하중 5톤 이상의 무인타워크레인 운전경험이 3년 이상인 자는 2007년 12월 31일까지 한국산업안전공단에서 시행하는 타워크레인 운전전문교육을 이수한 경우에 한하여 조종석이 설치되지 아니한 5톤 이상의 무인타워크레인 조종작업 자격이 있는 것으로 본다.,,,,,,,,,,,,,,,,,,,,,,,,,,,,,
제5조 (타워크레인 설치ㆍ해체작업 유경험자에 대한 경과조치) ①부칙 제1조 단서의 시행당시 별표 1의 21.란의 개정 규정에 따른 타워크레인 설치ㆍ해체작업을 6개월 이상 수행한 경험이 있고 한국산업안전공단에서 실시하는 신규교 육 및 보수교육을 모두 수료한 자는 별표 1의 21.란의 개정규정에 불구하고 타워크레인의 설치ㆍ해체작업 자격이 있는 것으로 본다.,,,,,,,,,,,,,,,,,,,,,,,,,,,,,
②이 규칙 시행당시 별표 1의 21.란의 타워크레인 설치ㆍ해체작업을 6개월 이상 수행한 경험이 있는 자로서 한국산 업안전공단 또는 별표 1의2에 따른 타워크레인 설치ㆍ해체자격 교육기관에서 2007년 12월 31일까지 별표 6의 8.란 의 이론교육을 24시간 이상 받은 자는 별표 1의 21.란의 개정규정에 불구하고 타워크레인의 설치ㆍ해체작업 자격,,,,,,,,,,,,,,,,,,,,,,,,,,,,,
이 있는 것으로 본다.,,,,,,,,,,,,,,,,,,,,,,,,,,,,,
"부칙 <제1호,2010. 7. 12.>(고용노동부와 그 소속기관 직제 시행규칙)",,,,,,,,,,,,,,,,,,,,,,,,,,,,,
제1조(시행일) 이 규칙은 공포한 날부터 시행한다. <단서 생략> 제2조(다른 법령의 개정) ① 부터2(  까지 생략,,,,,,,,,,,,,,,,,,,,,,,,,,,,,
3)  유해ㆍ위험작업의 취업제한에 관한 규칙 일부를 다음과 같이 개정한다. 제4조제1항 중 “지방노동청”을 “지방고용노동청”으로 한다.,,,,,,,,,,,,,,,,,,,,,,,,,,,,,
"제4조제1항ㆍ제2항, 제5조제1항 각 호 외의 부분ㆍ제3항ㆍ제5항, 제6조제1항 각 호외의 부분ㆍ제3항, 제6조의2 및 별지 제4호서식 중 “지방노동관서”를 각각 “지방고용노동관서”로 한다.",,,,,,,,,,,,,,,,,,,,,,,,,,,,,
제13조 중 “노동부장관”을 “고용노동부장관”으로 한다.,,,,,,,,,,,,,,,,,,,,,,,,,,,,,
"별지 제1호서식, 별지 제2호서식 및 별지 제3호서식 중 “지방노동청(지청)장”을 각각 “지방고용노동청(지청)장”으로 한다.",,,,,,,,,,,,,,,,,,,,,,,,,,,,,
3!  부터3^  까지 생략,,,,,,,,,,,,,,,,,,,,,,,,,,,,,
"부칙 <제21호,2011. 3. 16.>",,,,,,,,,,,,,,,,,,,,,,,,,,,,,
이 규칙은 공포한 날부터 시행한다.,,,,,,,,,,,,,,,,,,,,,,,,,,,,,
"부칙 <제30호,2011. 7. 6.>(산업안전보건기준에 관한 규칙)",,,,,,,,,,,,,,,,,,,,,,,,,,,,,
제1조(시행일) 이 규칙은 공포한 날부터 시행한다. 제2조 부터 제4조까지 생략,,,,,,,,,,,,,,,,,,,,,,,,,,,,,
,,,,,,,,,,,,,,,,,,,,,,,,,,,,,
법제처                                                            6                                                       국가법령정보센터,,,,,,,,,,,,,,,,,,,,,,,,,,,,,
제5조(다른 법령의 개정) ① 및 ② 생략,,,,,,,,,,,,,,,,,,,,,,,,,,,,,
③ 유해ㆍ위험작업의 취업 제한에 관한 규칙 일부를 다음과 같이 개정한다.,,,,,,,,,,,,,,,,,,,,,,,,,,,,,
"제2조 중 “「산업안전기준에 관한 규칙」(이하 ""안전규칙""이라 한다) 및 「산업보건기준에 관한 규칙」”을 “「산업안전 보건기준에 관한 규칙」”으로 한다.",,,,,,,,,,,,,,,,,,,,,,,,,,,,,
제6조 생략,,,,,,,,,,,,,,,,,,,,,,,,,,,,,
"부칙 <제80호,2013. 3. 29.>",,,,,,,,,,,,,,,,,,,,,,,,,,,,,
제1조(시행일) 이 규칙은 공포한 날부터 시행한다.,,,,,,,,,,,,,,,,,,,,,,,,,,,,,
제2조(기중기운전기능사에 대한 경과조치) 이 규칙 시행 당시 기중기운전기능사 자격을 가진 사람으로서 종전의 규정 에 따라 컨테이너크레인 조종업무 경험이 있는 사람은 별표 1의 개정규정에도 불구하고 컨테이너크레인 조종업무 자격이 있는 것으로 본다.,,,,,,,,,,,,,,,,,,,,,,,,,,,,,
"부칙 <제216호,2018. 3. 30.>",,,,,,,,,,,,,,,,,,,,,,,,,,,,,
제1조(시행일) 이 규칙은 공포한 날부터 시행한다.,,,,,,,,,,,,,,,,,,,,,,,,,,,,,
제2조(교육이수자의 재교육에 관한 적용례) 별표 1 비고의 개정규정은 이 규칙 시행 이후 안전조치 의무를 이행하지 아니하여 벌금 이상의 형이 확정된 경우부터 적용한다.,,,,,,,,,,,,,,,,,,,,,,,,,,,,,
"제3조(타워크레인 설치ㆍ해체작업 자격 취득을 위한 교육에 관한 특례) 이 규칙 시행 전에 이 규칙에서 정하는 해당 교육기관에서 교육을 이수하고 수료시험에 합격하여 타워크레인 설치ㆍ해체작업에 관한 자격을 취득한 사람은 다 음 각 호의 구분에 따른 기간까지 별표 6 제8호의 개정규정에 따른 보수교육을 이수하여야 한다. <개정 2019. 3. 29., 2020. 12. 31.>",,,,,,,,,,,,,,,,,,,,,,,,,,,,,
1. 2008년 12월 31일 이전에 타워크레인 설치ㆍ해체작업에 관한 자격을 취득한 경우: 2021년 6월 30일까지,,,,,,,,,,,,,,,,,,,,,,,,,,,,,
2. 2009년 1월 1일부터 2013년 12월 31일까지의 기간 동안에 타워크레인 설치ㆍ해체작업에 관한 자격을 취득한 경 우: 2021년 12월 31일까지,,,,,,,,,,,,,,,,,,,,,,,,,,,,,
3. 2014년 1월 1일부터 2016년 12월 31일까지의 기간 동안에 타워크레인 설치ㆍ해체작업에 관한 자격을 취득한 경 우: 2022년 6월 30일까지,,,,,,,,,,,,,,,,,,,,,,,,,,,,,
4. 2017년 1월 1일 이후에 타워크레인 설치ㆍ해체작업에 관한 자격을 취득한 경우: 2022년 12월 31일까지,,,,,,,,,,,,,,,,,,,,,,,,,,,,,
"부칙 <제243호,2019. 1. 31.>",,,,,,,,,,,,,,,,,,,,,,,,,,,,,
제1조(시행일) 이 규칙은 공포한 후 1년이 경과한 날부터 시행한다.,,,,,,,,,,,,,,,,,,,,,,,,,,,,,
제2조(이동식 크레인ㆍ고소작업대 조종작업 유경험자에 대한 특례) 이 규칙 시행 당시 이동식 크레인 또는 고소작업 대의 조종작업을 3개월 이상 수행한 경험이 있는 사람으로서  2019년 12월 31일까지 한국산업안전보건공단에서 실시하는 이동식 크레인ㆍ고소작업대 조종전문교육을 이수한 사람은 별표 1 제22호의 개정규정에도 불구하고 이 동식 크레인ㆍ고소작업대 조종자격이 있는 것으로 본다.,,,,,,,,,,,,,,,,,,,,,,,,,,,,,
,,,,,,,,,,,,,,,,,,,,,,,,,,,,,
법제처                                                            7                                                       국가법령정보센터,,,,,,,,,,,,,,,,,,,,,,,,,,,,,
"부칙 <제246호,2019. 3. 29.>",,,,,,,,,,,,,,,,,,,,,,,,,,,,,
이 규칙은 공포한 날부터 시행한다.,,,,,,,,,,,,,,,,,,,,,,,,,,,,,
"부칙 <제274호,2019. 12. 26.>",,,,,,,,,,,,,,,,,,,,,,,,,,,,,
"이 규칙은 2020년 1월 16일부터 시행한다. 다만, 별표 1의2 제1호 및 별지 제1호서식의 개정규정은 2020년 1월 1일부터 시행하고, 별표 1 제4호의2의 개정규정은 2021년 7월 16일부터 시행한다. <개정 2020. 12. 31.>",,,,,,,,,,,,,,,,,,,,,,,,,,,,,
"부칙 <제305호,2020. 12. 31.>",,,,,,,,,,,,,,,,,,,,,,,,,,,,,
"이 규칙은 2020년 12월 31일부터 시행한다. 다만, 별표 1의 비고란 제2호의 개정규정은 2021년 7월 16일부터 시행한다.",,,,,,,,,,,,,,,,,,,,,,,,,,,,,
"부칙 <제347호,2022. 2. 17.>(국민 평생 직업능력 개발법 시행규칙)",,,,,,,,,,,,,,,,,,,,,,,,,,,,,
제1조(시행일) 이 규칙은 2022년 2월 18일부터 시행한다. 제2조(다른 법령의 개정) ①부터 ⑤까지 생략,,,,,,,,,,,,,,,,,,,,,,,,,,,,,
⑥ 유해ㆍ위험작업의 취업 제한에 관한 규칙 일부를 다음과 같이 개정한다.,,,,,,,,,,,,,,,,,,,,,,,,,,,,,
별표 1을 다음과 같이 한다.,,,,,,,,,,,,,,,,,,,,,,,,,,,,,
,,,,,,,,,,,,,,,,,,,,,,,,,,,,,
법제처                                                            8                                                       국가법령정보센터,,,,,,,,,,,,,,,,,,,,,,,,,,,,,
짜력?’댄=허’형혈??뽀능?그l놓OJ? 뭘? =? 효한?작쩔=?뭘?해닿??짜력?’면휠?’형헐????능??그|놓(처13초저11횡  훨연〉,,,,,,,,,,,,,,,,,,,,,,,,,,,,,
,,,,,,,,,,,,,,,,,,,,,,,,,,,,,
찍얼뭘                  |            작업범위,,,,,,,,,,,,,,,,,,,,,,,,,,,,,
",.    「고압키스   안펀휠’링불」 | 자쩍   또눈  멸허를  퍼진 쩌| 따륜  압릭흉기  등흩  취 I OJ 챔즙해야 히는 없무 콩하논철없",,,,,,,,,,,,,,,,,,,,,,,,,,,,,
2‘    r   전 .JI사업   법  j    빠  Ol튿  전 | 자역   똥는  면해를  카젠,,,,,,,,,,,,,,,,,,,,,,,,,,,,,
",    1철닝l  릉흘 춰클하논 짝업 IOI 춰곱해야 힘논  업무",,,,,,,,,,,,,,,,,,,,,,,,,,,,,
3.    「에|너 찌 찌 용   활리흥}업」| 자력   또는  면회를  카전 어l  cq릎  보앓려를  후|를하 능| 01 햄릅해야  하능 앓무 짝없,,,,,,,,,,,,,,,,,,,,,,,,,,,,,
자혁·댄허·' I늄   능??? 뭘혈,,,,,,,,,,,,,,,,,,,,,,,,,,,,,
At랑 | r   고압가  스     안전관랴훨 J   째셔,,,,,,,,,,,,,,,,,,,,,,,,,,,,,
큐쩡하는 :;i;;f 쩍,,,,,,,,,,,,,,,,,,,,,,,,,,,,,
"At합| r  천,    1샤합법」어I A-I     큐청하는둥 자혁",,,,,,,,,,,,,,,,,,,,,,,,,,,,,
"At혈 |r   에 따 , 1總  헐리화뭘」애셔 규정하능 체쩍",,,,,,,,,,,,,,,,,,,,,,,,,,,,,
,,,,,,,,,,,,,,,,,,,,,,,,,,,,,
r   검철기껴|관랩볍」얘|셔  큐쩔하,,,,,,,,,,,,,,,,,,,,,,,,,,,,,
능 면허,,,,,,,,,,,,,,,,,,,,,,,,,,,,,
1)      r 국가째훌재격법」여| 따른,,,,,,,,,,,,,,,,,,,,,,,,,,,,,
"A]커l: t 흔,천  1 늄샤  흐l  ,,;:f팩",,,,,,,,,,,,,,,,,,,,,,,,,,,,,
2)  r   건설JI 겨|관리법j          쩌126조,,,,,,,,,,,,,,,,,,,,,,,,,,,,,
쩌14향  및 링은  법  시헝큐칙 제73조쩌12횡져13롤얘|   W2i 월Al힘 논   ::l:::형    휠 셜JIJtl으l 초풍뼈{  관함   쿄육효i정 율  01 수한샤랍,,,,,,,,,,,,,,,,,,,,,,,,,,,,,
1)   「흉포· 도검·확약륙  풍 단속,,,,,,,,,,,,,,,,,,,,,,,,,,,,,
법」쩌rkl  큐쟁짧혼 자역,,,,,,,,,,,,,,,,,,,,,,,,,,,,,
2)    「혹민  행앨  찍업늄혁  재발,,,,,,,,,,,,,,,,,,,,,,,,,,,,,
뿜」여| 따른 해땅  운아 직 업 능혁꽤빨훈현  OI 수자,,,,,,,,,,,,,,,,,,,,,,,,,,,,,
3)  핀껴f  활행때    따라   해당 씩업,,,,,,,,,,,,,,,,,,,,,,,,,,,,,
율  할  수  였도룩  허융현  .At,,,,,,,,,,,,,,,,,,,,,,,,,,,,,
험,,,,,,,,,,,,,,,,,,,,,,,,,,,,,
1)    r   푹Jl JI솔xt핵 법」어|  뼈른,,,,,,,,,,,,,,,,,,,,,,,,,,,,,
"철.JI흥,집  1늄AL  를수흥절.JI",,,,,,,,,,,,,,,,,,,,,,,,,,,,,
"놓시  및    마스흥,짧  1 놓Af .t;를",,,,,,,,,,,,,,,,,,,,,,,,,,,,,
Ol 상외   자혁〔카스흉쩡|여한,,,,,,,,,,,,,,,,,,,,,,,,,,,,,
쩔쯤!다I,,,,,,,,,,,,,,,,,,,,,,,,,,,,,
"경)  r   쭉왜그I 슐째쩍법」여| 띠를 픔속째률산업JI AL   표탠채리 산 업JI 샤,   추조산업기사   몇 릎축쩌l련 상얼기샤  OJ상으| 차",,,,,,,,,,,,,,,,,,,,,,,,,,,,,
;예,,,,,,,,,,,,,,,,,,,,,,,,,,,,,
3)   「컬틴!  행썰   직업률혁  J8발,,,,,,,,,,,,,,,,,,,,,,,,,,,,,
별」대l 따를 해명  운Ot 핵업,,,,,,,,,,,,,,,,,,,,,,,,,,,,,
,,,,,,,,,,,,,,,,,,,,,,,,,,,,,
법제처                                                                  9                                                                   국가법령정보센터,,,,,,,,,,,,,,,,,,,,,,,,,,,,,
7.  육발성·발화성         '2J 험  성  | 욕발문우P  l 카   초성된   질 소어8 블질?| 져|조  또는 중|읍작 업 | 쳐쩍   쪽발생·발롤}성‘ 윈합성  를,,,,,,,,,,,,,,,,,,,,,,,,,,,,,
l 질 의  춰읍엉루,,,,,,,,,,,,,,,,,,,,,,,,,,,,,
"8.  뿔 ),J성 흥|굽작업                    아.  월차롤  운전업루",,,,,,,,,,,,,,,,,,,,,,,,,,,,,
"능력패발훈련  OI후;,:;J",,,,,,,,,,,,,,,,,,,,,,,,,,,,,
l)     「 홍효· 로결·화학휴  등 당혁,,,,,,,,,,,,,,,,,,,,,,,,,,,,,
"월J   여,    큐정해는  };「력",,,,,,,,,,,,,,,,,,,,,,,,,,,,,
2)    「욱민  행성  쩍업능력  )8밭,,,,,,,,,,,,,,,,,,,,,,,,,,,,,
업」뻐{ 따흔 히{당  문Ot 찍업,,,,,,,,,,,,,,,,,,,,,,,,,,,,,
놓혁꽤발혼현  째수;q,,,,,,,,,,,,,,,,,,,,,,,,,,,,,
3)   팬껴{ 합헐  에  다.랴  쩍{항  착업 훌  훌I  수  웠로록  혀 흉된  샤 헝,,,,,,,,,,,,,,,,,,,,,,,,,,,,,
r  헌자확밥」에쩌   큐정하는   댄,,,,,,,,,,,,,,,,,,,,,,,,,,,,,
L.I'·   획영료롤월   후l 룹·왜l기업       혀,,,,,,,,,,,,,,,,,,,,,,,,,,,,,
루,,,,,,,,,,,,,,,,,,,,,,,,,,,,,
9.   효압션   정현짝없  및,,,,,,,,,,,,,,,,,,,,,,,,,,,,,
짝없(폼繹作훌훌〕,,,,,,,,,,,,,,,,,,,,,,,,,,,,,
I ct. 방N선  흥워원소,,,,,,,,,,,,,,,,,,,,,,,,,,,,,
후4 릅·돼P l앓 무,,,,,,,,,,,,,,,,,,,,,,,,,,,,,
라.  쌓사션  벌생장* |,,,,,,,,,,,,,,,,,,,,,,,,,,,,,
경샤-활용양루,,,,,,,,,,,,,,,,,,,,,,,,,,,,,
활션 ll   안현보면낌힐  쩨 30:2  응쩌11황제,,,,,,,,,,,,,,,,,,,,,,,,,,,,,
13톨 ct목여|따른  갚압의  전로,,,,,,,,,,,,,,,,,,,,,,,,,,,,,
I<찮 路〕톨추l붐 하는  g 무중쩌,,,,,,,,,,,,,,,,,,,,,,,,,,,,,
,,,,,,,,,,,,,,,,,,,,,,,,,,,,,
1)      f   국.?P  l 솔r째쩍법    」 얘| 뼈를,,,,,,,,,,,,,,,,,,,,,,,,,,,,,
"전JIJI농싸,  훨훌신훌그|놓AJ 및   전' ' 훨똘펴풀At   OI양으i A} 력",,,,,,,,,,,,,,,,,,,,,,,,,,,,,
2)     「 훌‘  풍룡교쭉법」에   따른,,,,,,,,,,,,,,,,,,,,,,,,,,,,,
", I   t.  쟁헌학엽(전로톨   헌재하 며  그 쩌""'롤플  싫힐‘  허t",,,,,,,,,,,,,,,,,,,,,,,,,,,,,
;;.  첩첩‘  수리  및  도장(變 용홉)휠 f는 작업),,,,,,,,,,,,,,,,,,,,,,,,,,,,,
I Lt. 훨선작업(효압  포능  특볕,,,,,,,,,,,,,,,,,,,,,,,,,,,,,
고 앓핵    흉전쟁로   또는,,,,,,,,,,,,,,,,,,,,,,,,,,,,,
:t   J.I째 를흘  설윷| 쩔갱,,,,,,,,,,,,,,,,,,,,,,,,,,,,,
수핵       로장쩍업),,,,,,,,,,,,,,,,,,,,,,,,,,,,,
10.   혈끓구조률  많  배관  등율|훨올구조물 설치·혜채작업,,,,,,,,,,,,,,,,,,,,,,,,,,,,,
혈흥|하갱냐 하{쩨하논  작업   |,,,,,,,,,,,,,,,,,,,,,,,,,,,,,
(싼젠벌건륨핵  제256 쪼어|  따른,,,,,,,,,,,,,,,,,,,,,,,,,,,,,
￥|혐를훨흘OI  들여  았논 빼펀,,,,,,,,,,,,,,,,,,,,,,,,,,,,,
11.   챈짱급핵|얀    좁풍작엉(종| 뚱홍쩍쩌|쳐외  조홍학합 훌성이  싫:ti 토10!  었능   것,,,,,,,,,,,,,,,,,,,,,,,,,,,,,
에1 한정한다〉,,,,,,,,,,,,,,,,,,,,,,,,,,,,,
"고릉힐교여|써   전.,, Oil  관뺨",,,,,,,,,,,,,,,,,,,,,,,,,,,,,
획광를  훌월한  .At훨  St능  01,,,,,,,,,,,,,,,,,,,,,,,,,,,,,
외  웰플  수푼  이상의  확혁 소쩌자,,,,,,,,,,,,,,,,,,,,,,,,,,,,,
"3)     r국민 행썽  젝업늄혁 m, 밭",,,,,,,,,,,,,,,,,,,,,,,,,,,,,
법」때f 따를   해왕  운야 찍업,,,,,,,,,,,,,,,,,,,,,,,,,,,,,
불력왜빨훈련  ·| s  환자,,,,,,,,,,,,,,,,,,,,,,,,,,,,,
4)  훨껴t 합형어| 따라 혀{닿 쩍업 률  할  수  없도록  허용된  At 혈,,,,,,,,,,,,,,,,,,,,,,,,,,,,,
1)    r   륙가따슐채핵법J   어|  따를 월훌구중률JI풍At'.!:c:   OI 상띄 짜격,,,,,,,,,,,,,,,,,,,,,,,,,,,,,
2)  3캐 훨  빼상’ 해당  쩍업빼| 행 험 이   있논  λ f헐(높01 66미l 터  매만일 것이| 환쩔환Ct),,,,,,,,,,,,,,,,,,,,,,,,,,,,,
1 )      r 국가기흘자핵 벌」얘| 따른 흥 업 배용f그|늄패뿔   OI싫   및 경활배팔JI놓Af 보 01상a1 At 격,,,,,,,,,,,,,,,,,,,,,,,,,,,,,
2)   「룩민  횡생  칙엉융력  재발,,,,,,,,,,,,,,,,,,,,,,,,,,,,,
업」애I 따흔 해당  문Ot  쩍엽 놓력째방훈현  OI 수지,,,,,,,,,,,,,,,,,,,,,,,,,,,,,
1)   「룩카겨올J;t역법 j       여| 때른,,,,,,,,,,,,,,,,,,,,,,,,,,,,,
"챈장효려|윈릎쩔,,  늄샤21  At",,,,,,,,,,,,,,,,,,,,,,,,,,,,,
; 예,,,,,,,,,,,,,,,,,,,,,,,,,,,,,
,,,,,,,,,,,,,,,,,,,,,,,,,,,,,
법제처                                                                   10                                                                             국가법령정보센터,,,,,,,,,,,,,,,,,,,,,,,,,,,,,
12.    티워급해|한   중풍작업(종 |,,,,,,,,,,,,,,,,,,,,,,,,,,,,,
2)  「룩틴!  뿔썽 직업늄력  JB밭,,,,,,,,,,,,,,,,,,,,,,,,,,,,,
법」어l  따톨 해명  운Ot 획엽 률력꽤발혼헌  어수자,,,,,,,,,,,,,,,,,,,,,,,,,,,,,
3)   이  R획얘|서 청하논  혀{당  jj! 훌기관얘l써  .iii훌훌  OI 수하고 수료λ| 헐빼l 합혁한  At·헐,,,,,,,,,,,,,,,,,,,,,,,,,,,,,
r   력::it그|솥A「격볍』 얘| 띠틀   당,,,,,,,,,,,,,,,,,,,,,,,,,,,,,
"홍성OJ  설치  릎i,:::1  많운      정  |",,,,,,,,,,,,,,,,,,,,,,,,,,,,,
력하홍         5 론  OI 상 :2.J 무인|,,,,,,,,,,,,,,,,,,,,,,,,,,,,,
타워긍래인 흩 포항한디)   |,,,,,,,,,,,,,,,,,,,,,,,,,,,,,
"원핀려I   운,전",,,,,,,,,,,,,,,,,,,,,,,,,,,,,
1 늄사잉 짜쩍,,,,,,,,,,,,,,,,,,,,,,,,,,,,,
13.   한터JOI니 경 려|앙   초훌업무| 초홍엌에 A1흘| 초풍작윌,,,,,,,,,,,,,,,,,,,,,,,,,,,,,
〈좋뿔석O]   셀숭ISal뻐    있는|,,,,,,,,,,,,,,,,,,,,,,,,,,,,,
것애l 한청한Q   ),,,,,,,,,,,,,,,,,,,,,,,,,,,,,
14‘    풍횡JI  챔검 웰  룰수짝업,,,,,,,,,,,,,,,,,,,,,,,,,,,,,
15.   흙막 OI   J;;J 뿔풍t호探;[) 의 |,,,,,,,,,,,,,,,,,,,,,,,,,,,,,
립   및 해치i작웹,,,,,,,,,,,,,,,,,,,,,,,,,,,,,
l)    「국가커올J;t쭉월」어| 따른,,,,,,,,,,,,,,,,,,,,,,,,,,,,,
현빽|썩내급례윈 훈젠JI 풍시 의  자뭘,,,,,,,,,,,,,,,,,,,,,,,,,,,,,
"2)  「국민 뿔삼 찍업늄렴  ,e1킬",,,,,,,,,,,,,,,,,,,,,,,,,,,,,
"법」쩌I 띠른  혀{당  분, 야  직",,,,,,,,,,,,,,,,,,,,,,,,,,,,,
업놓혈왜힐흩련  01수자,,,,,,,,,,,,,,,,,,,,,,,,,,,,,
3)   01  큐핵빼서   쩔혀능  해합,,,,,,,,,,,,,,,,,,,,,,,,,,,,,
.iii혹JI판때써   뀔혹훌   OJ 수,,,,,,,,,,,,,,,,,,,,,,,,,,,,,
용1고 추를Al혈 여| 활캘한  At,,,,,,,,,,,,,,,,,,,,,,,,,,,,,
훨,,,,,,,,,,,,,,,,,,,,,,,,,,,,,
4)    판껴l  법령에| 따라  해짧  작 업흘  활  수  였로톨  흉{ 홍현 싸랍,,,,,,,,,,,,,,,,,,,,,,,,,,,,,
1)      r 혹 카겨솔자혁법j      어| 따른,,,,,,,,,,,,,,,,,,,,,,,,,,,,,
"숭광"".,,풀시쩍  자역",,,,,,,,,,,,,,,,,,,,,,,,,,,,,
"경) 「 국민 평상  찍업놓력 ,a발",,,,,,,,,,,,,,,,,,,,,,,,,,,,,
법」때I  [t  른 협{앙  운ot  쩍,,,,,,,,,,,,,,,,,,,,,,,,,,,,,
엉 블확펴{ 월 훈현 Of후짜,,,,,,,,,,,,,,,,,,,,,,,,,,,,,
3)     01  규핵떼Ai   정허능     해닿 교쭉JI한 째써    교쭉흩   OJ수 용}고 수료Al헝 떠| 형쩍한   At 혈,,,,,,,,,,,,,,,,,,,,,,,,,,,,,
4)   관 껴t 합형쩨   따라 쩍{짱 작업 훌  훌t     없도!를 혀홍현  λi 혈,,,,,,,,,,,,,,,,,,,,,,,,,,,,,
1)   「룩가겨슐자격법」이| 띠른 커후칩기늄사붐  Sf.능  닝l 껴l' I늄샤     OJ 상왜    J;t쩍,,,,,,,,,,,,,,,,,,,,,,,,,,,,,
2)  3깨훨  OI 상   뼈당    작업  얘| 형 험 011 았는 λ f렬( 잃@| 31머 터  ClI뱉인  장엉어|  힌절한 Cl),,,,,,,,,,,,,,,,,,,,,,,,,,,,,
3)   「축민  쩔샘 적l  업 늄력  개뿔,,,,,,,,,,,,,,,,,,,,,,,,,,,,,
법」왜l  E다를 해당   운야  잭,,,,,,,,,,,,,,,,,,,,,,,,,,,,,
엉능혁개벌혼휠  OJ후자,,,,,,,,,,,,,,,,,,,,,,,,,,,,,
4)  이  규핵어|써 쩔하는 혀{휠  .iii,,,,,,,,,,,,,,,,,,,,,,,,,,,,,
육기관에서   쿄육율    O J수현,,,,,,,,,,,,,,,,,,,,,,,,,,,,,
,,,,,,,,,,,,,,,,,,,,,,,,,,,,,
법제처                                                                  11                                                           국가법령정보센터,,,,,,,,,,,,,,,,,,,,,,,,,,,,,
16‘     커푸칩으|  초휠  및  해 처l작|,,,,,,,,,,,,,,,,,,,,,,,,,,,,,
얼,,,,,,,,,,,,,,,,,,,,,,,,,,,,,
Al람,,,,,,,,,,,,,,,,,,,,,,,,,,,,,
l)     F  달?Pl 훌채혁 법」어|  따를,,,,,,,,,,,,,,,,,,,,,,,,,,,,,
켜 푸집.JI놓AJ볼   이상요| 자격,,,,,,,,,,,,,,,,,,,,,,,,,,,,,
2) 3개월  OI  ↑          t H당  작엉애| 경 험 01    있능       시랍(  풍롤01 가 10[11 터  IJI만연  작엉때| 한쩡,,,,,,,,,,,,,,,,,,,,,,,,,,,,,
혼1다),,,,,,,,,,,,,,,,,,,,,,,,,,,,,
"3)    f   혹민 훨썽 질엉늄력  ,a발 없 j     때| 따른    혀|당   분야 적",,,,,,,,,,,,,,,,,,,,,,,,,,,,,
열풍력개발훈현  OI 수 lit,,,,,,,,,,,,,,,,,,,,,,,,,,,,,
4)   에   권찍 혀|쳐  절하능  해닿 .ill,,,,,,,,,,,,,,,,,,,,,,,,,,,,,
육기관여|써   쿄혹율    OI수한,,,,,,,,,,,,,,,,,,,,,,,,,,,,,
Al함,,,,,,,,,,,,,,,,,,,,,,,,,,,,,
1‘7,,,,,,,,,,,,,,,,,,,,,,,,,,,,,
엄l켜121  초릴  뀔 허{쳐l작얼,,,,,,,,,,,,,,,,,,,,,,,,,,,,,
l)      r록가기슐채력 벌」어|  따를,,,,,,,,,,,,,,,,,,,,,,,,,,,,,
!Jl껴I.JI 놓AJ톨   @| 상외   자격,,,,,,,,,,,,,,,,,,,,,,,,,,,,,
2)  3개훨          혀{당  쩍업어| 청 혈 01   있능    A「랍(흥훌01 가 1001 터  IJI민연  작업어| 환쩡 환다),,,,,,,,,,,,,,,,,,,,,,,,,,,,,
3)    f   북l2J   평샘  직업늄력  개발,,,,,,,,,,,,,,,,,,,,,,,,,,,,,
벌」쩌I 따른 해땅   분야 직 업 놓혈왜발훌련  ·|수자,,,,,,,,,,,,,,,,,,,,,,,,,,,,,
4)  이  합학여|써 정하능  해휠  iii,,,,,,,,,,,,,,,,,,,,,,,,,,,,,
혹기광때|써   교확흘   @| 수한,,,,,,,,,,,,,,,,,,,,,,,,,,,,,
Al림,,,,,,,,,,,,,,,,,,,,,,,,,,,,,
,,,,,,,,,,,,,,,,,,,,,,,,,,,,,
18‘     효면공릅식   젤 수장t!I      I 는  스쿠버    잠수장바얘| 요l | 혀{ 추충얘서 행함날 확업  ’,,,,,,,,,,,,,,,,,,,,,,,,,,,,,
1)     r 를가가슐핵캘 볍」여|  띠른,,,,,,,,,,,,,,,,,,,,,,,,,,,,,
질수?|놓사보  빼성 21 치력,,,,,,,,,,,,,,,,,,,,,,,,,,,,,
2)    「국민  행썽  쩍엽풍력  개발,,,,,,,,,,,,,,,,,,,,,,,,,,,,,
법」쩌I 따튿    풍H!당 m불    찍엽,,,,,,,,,,,,,,,,,,,,,,,,,,,,,
늄력꽤발훌련  01수짜,,,,,,,,,,,,,,,,,,,,,,,,,,,,,
"19.   를려,     1를  Al 흉하여   1l 루 |",,,,,,,,,,,,,,,,,,,,,,,,,,,,,
,,,,,,,,,,,,,,,,,,,,,,,,,,,,,
또능  어|보냐@|룰   를 젊성| 를질흘 취급혜논  짝엽      |,,,,,,,,,,,,,,,,,,,,,,,,,,,,,
20.   양화장치(없寬흉훌훌휩  운전 |,,,,,,,,,,,,,,,,,,,,,,,,,,,,,
작없(조종잭OI     혈롯 |되 어 |,,,,,,,,,,,,,,,,,,,,,,,,,,,,,
었논 것에  한청한다〕,,,,,,,,,,,,,,,,,,,,,,,,,,,,,
3)  3개월  01  ·  t H 9  작업어| 청,,,,,,,,,,,,,,,,,,,,,,,,,,,,,
혐 01 었논   At형,,,,,,,,,,,,,,,,,,,,,,,,,,,,,
4)    여  품짝얘|쩌 쩡하능   해얄  ii! 혹기관뼈|써   교혹흘    OI수한 시랑,,,,,,,,,,,,,,,,,,,,,,,,,,,,,
3개 훨   l 상  해헝 짝업어l  쩔혈 01,,,,,,,,,,,,,,,,,,,,,,,,,,,,,
있능사활,,,,,,,,,,,,,,,,,,,,,,,,,,,,,
l)    r   확가가흘채쩍 법」어|  따를 양화짱풍r 운 전켜 놓샤볼   OI 상 의   자력,,,,,,,,,,,,,,,,,,,,,,,,,,,,,
2)   「국민  형썰   직업늄력  재발 협J   이| 따른   해당    운 or 직업 능력재활훌련  OI 후n,,,,,,,,,,,,,,,,,,,,,,,,,,,,,
3)  이  규핵얘|쩌 칭하능   해휠 ii!,,,,,,,,,,,,,,,,,,,,,,,,,,,,,
,,,,,,,,,,,,,,,,,,,,,,,,,,,,,
법제처                                                                  12                                                                   국가법령정보센터,,,,,,,,,,,,,,,,,,,,,,,,,,,,,
⑦ 및 ⑧ 생략,,,,,,,,,,,,,,,,,,,,,,,,,,,,,
제3조 생략,,,,,,,,,,,,,,,,,,,,,,,,,,,,,
"부칙 <제412호,2024. 3. 13.>",,,,,,,,,,,,,,,,,,,,,,,,,,,,,
이 규칙은 공포한 날부터 시행한다.,,,,,,,,,,,,,,,,,,,,,,,,,,,,,
"부칙 <제433호,2025. 1. 31.>",,,,,,,,,,,,,,,,,,,,,,,,,,,,,
이 규칙은 공포한 날부터 시행한다.,,,,,,,,,,,,,,,,,,,,,,,,,,,,,
,,,,,,,,,,,,,,,,,,,,,,,,,,,,,
법제처                                                            13                                                       국가법령정보센터,,,,,,,,,,,,,,,,,,,,,,,,,,,,,
"부칙 <제464호,2026. 4. 7.>",,,,,,,,,,,,,,,,,,,,,,,,,,,,,
이 규칙은 공포한 날부터 시행한다.,,,,,,,,,,,,,,,,,,,,,,,,,,,,,
[별표 1] 자격·면허·경험 또는 기능이 필요한 작업 및 해당 자격·면허·경험 또는 기능(제3조제1항 관련),,,,,,,,,,,,,,,,,,,,,,,,,,,,,
[별표 1의2] 지정교육기관의 종류 및 인력기준(제4조제1항 관련),,,,,,,,,,,,,,,,,,,,,,,,,,,,,
[별표 2] 천장크레인ㆍ컨테이너크레인 조종자격 교육기관의 시설ㆍ장비기준(제4조제1항 관련) [별표 3] 승강기 점검 및 보수 자격 교육기관의 시설ㆍ장비기준(제4조제1항 관련),,,,,,,,,,,,,,,,,,,,,,,,,,,,,
"[별표 4] 흙막이 지보공, 거푸집, 비계의 조립 및 해체작업 기능습득 교육기관의 시설ㆍ장비기준(제4조제1항 관련) [별표 5] 잠수작업 기능습득 교육기관의 시설ㆍ장비기준(제4조제1항 관련)",,,,,,,,,,,,,,,,,,,,,,,,,,,,,
[별표 5의2] 양화장치 운전자격 교육기관의 시설ㆍ장비기준(제4조제1항 관련),,,,,,,,,,,,,,,,,,,,,,,,,,,,,
[별표 5의3] 타워크레인 설치ㆍ해체자격 교육기관의 시설ㆍ장비기준(제4조제1항 관련),,,,,,,,,,,,,,,,,,,,,,,,,,,,,
[별표 5의4] 이동식 크레인ㆍ고소작업대 조종자격 교육기관의 시설ㆍ장비기준(제4조제1항 관련) [별표 6] 자격취득ㆍ기능습득 분야 교육 내용 및 기간(시간)(제7조 관련),,,,,,,,,,,,,,,,,,,,,,,,,,,,,
[별지 제1호서식] 교육기관 지정신청서 [별지 제2호서식] 교육기관 지정서,,,,,,,,,,,,,,,,,,,,,,,,,,,,,
[별지 제3호서식] 인력ㆍ시설 변경신고서 [별지 제4호서식] 교육수강 신청서,,,,,,,,,,,,,,,,,,,,,,,,,,,,,
[별지 제5호서식] 자격교육 수료증 [별지 제6호서식] 기능습득 교육이수증,,,,,,,,,,,,,,,,,,,,,,,,,,,,,
[별지 제7호서식] 수료증등 재발급신청서,,,,,,,,,,,,,,,,,,,,,,,,,,,,,
,,,,,,,,,,,,,,,,,,,,,,,,,,,,,
법제처                                                            14                                                       국가법령정보센터,,,,,,,,,,,,,,,,,,,,,,,,,,,,,
■  유해·위험작업의  취업  제한에  관한  규칙  [별표  1]  <개정  2025.  1.  31.>,,,,,,,,,,,,,,,,,,,,,,,,,,,,,
자격·면허·경험??또는??기능이??필요한??작업??및??해당??자격·면허·경험??또는??기능,,,,,,,,,,,,,,,,,,,,,,,,,,,,,
(제3조제1항  관련),,,,,,,,,,,,,,,,,,,,,,,,,,,,,
작업명,,,,,,,,,작업범위,,,,,,,,,,자격·면허·기능 또는 경험,,,,,,,,,,
"1.   「고압가스   안전관리
법」에   따른   압력용기 등을  취급하는  작업",,,,,,,,,"자격  또는  면허를  가진  사
람이  취급해야  하는  업무",,,,,,,,,,"「고압가스    안전관리법」에
서  규정하는  자격",,,,,,,,,,
"2.  「전기사업법」에  따른
전기설비  등을  취급하는 작업",,,,,,,,,자격  또는  면허를  가진  사 람이  취급해야  하는  업무,,,,,,,,,,"「전기사업법」에서    규정하
는  자격",,,,,,,,,,
"2의2.  「전기안전관리법」
에  따른  전기설비  등을 취급하는  작업",,,,,,,,,"자격  또는  면허를  가진  사
람이  취급해야  하는  업무",,,,,,,,,,"「전기안전관리법」에서    규
정하는  자격",,,,,,,,,,
"3.   「에너지이용   합리화
법」에   따른   보일러를 취급하는  작업",,,,,,,,,"자격  또는  면허를  가진  사
람이  취급해야  하는  업무",,,,,,,,,,"「에너지이용    합리화법」에
서  규정하는  자격",,,,,,,,,,
"4.    「건설기계관리법」에
따른  건설기계를  사용하 는  작업",,,,,,,,,"면허를  가진  사람이  취급
해야  하는  업무",,,,,,,,,,"「건설기계관리법」에서    규
정하는  면허",,,,,,,,,,
"4의2.   지게차[전동식으로
솔리드타이어를    부착한 것   중   도로(「도로교통
법」   제2조제1호에   따 른  도로를  말한다)가  아 닌  장소에서만  운행하는 것을   말한다]를   사용하 는  작업",,,,,,,,,지게차를  취급하는  업무,,,,,,,,,,"1)     「국가기술자격법」에
따른  지게차운전기능사의 자격
2)  「건설기계관리법」 제26 조제4항  및  같은  법  시행 규칙    제73조제2항제3호 에   따라   실시하는   소형 건설기계의   조종에   관한 교육과정을  이수한  사람",,,,,,,,,,
5.  터널  내에서의  발파  작 업,,,,,,,,,장전· 결선( 結線)· 점화 및  불발  장약(裝藥)  처리 와  이와  관련된  점검  및 처리업무,,,,,,,,,,"1)     「총포?도검?화약류 등의  안전관리에  관한  법
률」에서  규정하는  자격
2)   「국민   평생   직업능력
개발법」에  따른  해당  분 야   직업능력개발훈련   이 수자
3)  관계  법령에  따라  해당",,,,,,,,,,
,,,,,,,,,,,,,,,,,,,"작업을  할  수  있도록  허
용된  사람",,,,,,,,,,
6.  인화성  가스  및  산소를 사용하여  금속을  용접· 용단  또는  가열하는  작 업,,,,,,,,,"가.  폭발분위기가  조성된 장소에서의  업무
나.  「산업안전보건기준에 관한   규칙」(이하   "" 안 전 보 건 규 칙 "" 이 라 한다)  별표  1에  따른 위험물질을  취급하는 밀폐된     장소에서의 업무",,,,,,,,,,"1)     「국가기술자격법」에 따른  전기용접기능사,  특 수용접기능사   및   가스용 접기능사보   이상의   자격 (가스용접에  한정한다)
2)     「국가기술자격법」에 따른     금속재료산업기사, 표면처리산업기사, 주조산 업기사   및   금속제련산업 기사  이상의  자격
3)   「국민   평생   직업능력
개발법」에  따른  해당  분 야   직업능력개발훈련   이 수자",,,,,,,,,,
"7.  폭발성·발화성  및  인
화성  물질의  제조  또는 취급작업",,,,,,,,,폭발분위기가  조성된  장소 에서의    폭발성·발화성· 인화성  물질의  취급업무,,,,,,,,,,"1)     「총포?도검?화약류
등의  안전관리에  관한  법
률」에서  규정하는  자격
2)   「국민   평생   직업능력
개발법」에  따른  해당  분 야   직업능력개발훈련   이 수자
3)  관계  법령에  따라  해당 작업을  할  수  있도록  허 용된  사람",,,,,,,,,,
8. 방사선  취급작업,,,,,,,,,"가. 원자로  운전업무
나.  핵연료물질  취급·폐 기업무
다. 방사선  동위원소 취급·폐기업무
라. 방사선  발생장치 검사·촬영업무",,,,,,,,,,"「원자력안전법」에서    규정
하는  면허",,,,,,,,,,
"9.  고압선  정전작업  및  활
선작업(活線作業)",,,,,,,,,안전보건규칙   제302조제1 항제3호다목에   따른   고압 의  전로(電路)를  취급하는 업무로서,,,,,,,,,,"1)     「국가기술자격법」에 따른  전기기능사,  철도신 호기능사   및   전기철도기 능사  이상의  자격",,,,,,,,,,
,,,,,,,,,"가.  정전작업(전로를  전개 하여  그  지지물을  설 치·해체·점검·수리 및  도장(塗裝)하는  작 업)
나.   활선작업(고압   또는 특별고압의   충전전로 또는  그  지지물을  설 치·점검·수리  및  도 장작업)",,,,,,,,,,"2)     「초·중등교육법」에 따른   고등학교에서   전기 에   관한   학과를   졸업한 사람  또는  이와  같은  수 준  이상의  학력  소지자
3)   「국민   평생   직업능력
개발법」에  따른  해당  분 야   직업능력개발훈련   이 수자
4)  관계  법령에  따라  해당 작업을  할  수  있도록  허 용된  사람",,,,,,,,,,
"10.  철골구조물  및  배관  등
을   설치하거나   해체하 는  작업",,,,,,,,,"철골구조물    설치·해체작
업",,,,,,,,,,"1)     「국가기술자격법」에
따른  철골구조물기능사보 이상의  자격
2)  3개월  이상  해당  작업에 경험이   있는   사람(높이 66미터  미만인  것에  한정 한다)",,,,,,,,,,
,,,,,,,,,"안전보건규칙     제256조에
따른    위험물질등이    들어 있는  배관",,,,,,,,,,"1)     「국가기술자격법」에
따른     공업배관기능사보 이상   및   건축배관기능사 보  이상의  자격
2)   「국민   평생   직업능력
개발법」에  따른  해당  분 야   직업능력개발훈련   이 수자",,,,,,,,,,
11.   천장크레인   조종작업 (조종석이  설치되어  있 는  것에  한정한다),,,,,,,,,조종석에서의  조종작업,,,,,,,,,,"1)     「국가기술자격법」에 따른  천장크레인운전기능 사의  자격
2)   「국민   평생   직업능력
개발법」에  따른  해당  분 야   직업능력개발훈련   이 수자
3)  이  규칙에서  정하는  해",,,,,,,,,,
,,,,,,,,,,,,,,,,,,,"당   교육기관에서   교육을
이수하고   수료시험에   합 격한  사람",,,,,,,,,,
"12.  타워크레인  조종작업
(조종석이      설치되지 않은  정격하중  5톤  이 상의    무인타워크레인 을  포함한다)",,,,,,,,,,,,,,,,,,,"「국가기술자격법」에  따른
타워크레인운전기능사의 자격",,,,,,,,,,
"13.  컨테이너크레인  조종업
무(조종석이    설치되어 있는  것에  한정한다)",,,,,,,,,조종석에서의  조종작업,,,,,,,,,,"1)     「국가기술자격법」에
따른  컨테이너크레인운전 기능사의  자격
2)   「국민   평생   직업능력
개발법」에  따른  해당  분 야  직업능력개발훈련  이 수자
3)  이  규칙에서  정하는  해 당  교육기관에서  교육을 이수하고  수료시험에  합 격한  사람
4)  관계  법령에  따라  해당 작업을  할  수  있도록  허 용된  사람",,,,,,,,,,
"14.  승강기  점검  및  보수
작업",,,,,,,,,,,,,,,,,,,"1)     「국가기술자격법」에
따른  승강기기능사의  자 격
2)   「국민   평생   직업능력
개발법」에  따른  해당  분 야  직업능력개발훈련  이 수자
3)  이  규칙에서  정하는  해 당  교육기관에서  교육을 이수하고  수료시험에  합 격한  사람
4)  관계  법령에  따라  해당 작업을  할  수  있도록  허 용된  사람",,,,,,,,,,
15.   흙막이   지보공(支保工)의  조립  및  해체작,,,,,,,,,,,,,,,,,,,1)     「국가기술자격법」에 따른    거푸집기능사보,,,,,,,,,,
업,,,,,,,,,,,,,,,,,,,"또는  비계기능사보  이
상의  자격
2)  3개월  이상  해당  작업 에  경험이  있는  사람(깊 이  31미터  미만인  작업 에  한정한다)
3)   「국민   평생   직업능력
개발법」에   따른   해당 분야    직업능력개발훈련 이수자
4)  이  규칙에서  정하는  해 당   교육기관에서   교육을 이수한  사람",,,,,,,,,,
16.  거푸집의  조립  및  해 체작업,,,,,,,,,,,,,,,,,,,"1)     「국가기술자격법」에
따른   거푸집기능사보   이 상의  자격
2)  3개월  이상  해당  작업에 경험이  있는  사람(층높이 가  10미터  미만인  작업에 한정한다)
3)   「국민   평생   직업능력
개발법」에   따른   해당 분야    직업능력개발훈련 이수자
4)  이  규칙에서  정하는  해 당   교육기관에서   교육을 이수한  사람",,,,,,,,,,
"17.  비계의  조립  및  해체
작업",,,,,,,,,,,,,,,,,,,"1)     「국가기술자격법」에
따른   비계기능사보   이상 의  자격
2)  3개월  이상  해당  작업에 경험이  있는  사람(층높이 가  10미터  미만인  작업에 한정한다)
3)   「국민   평생   직업능력
개발법」에  따른  해당  분 야   직업능력개발훈련   이 수자
4)  이  규칙에서  정하는  해",,,,,,,,,,
,,,,,,,,,,,,,,,,,,,"당   교육기관에서   교육을
이수한  사람",,,,,,,,,,
18.  표면공급식  잠수장비 또는  스쿠버  잠수장비 에  의해  수중에서  행 하는  작업,,,,,,,,,,,,,,,,,,,"1)     「국가기술자격법」에 따른   잠수기능사보   이상 의  자격
2)   「국민   평생   직업능력
개발법」에  따른  해당  분 야   직업능력개발훈련   이 수자
3)  3개월  이상  해당  작업에 경험이  있는  사람
4)  이  규칙에서  정하는  해 당   교육기관에서   교육을 이수한  사람",,,,,,,,,,
"19.  롤러기를  사용하여  고
무    또는    에보나이트 등  점성물질을  취급하 는  작업",,,,,,,,,,,,,,,,,,,"3개월  이상  해당  작업에  경
험이  있는  사람",,,,,,,,,,
"20.     양화장치(揚貨裝置)
운전작업(조종석이   설 치되어  있는  것에  한정 한다)",,,,,,,,,,,,,,,,,,,"1)     「국가기술자격법」에
따른  양화장치운전기능사 보  이상의  자격
2)   「국민   평생   직업능력
개발법」에  따른  해당  분 야   직업능력개발훈련   이 수자
3)  이  규칙에서  정하는  해 당   교육기관에서   교육을 이수하고   수료시험에   합 격한  사람",,,,,,,,,,
21.  타워크레인  설치(타워 크레인을  높이는  작업을 포함한다.  이하  같다)·해 체작업,,,,,,,,,,,,,,,,,,,"1)  「국가기술자격법」에  따른 타워크레인 설치?해체기능사 의 자격
2)  「국가기술자격법」에  따른 판금제관기능사  또는  비계 기능사의  자격(2025년  12 월  31일까지  취득한  자격 으로  한정한다)
3)  이  규칙에서  정하는  해당",,,,,,,,,,
,,,,,,,,,,,,,,,,,,,"교육기관에서  교육을  이수
하고   수료시험에   합격한 사람으로서  다음의  어느  하 나에  해당하는  사람
-  수료시험  합격  후  5년이 경과하지  않은  사람
-  이  규칙에서  정하는  해당 교육기관에서    보수교육을 이수한  후  5년이  경과하지 않은  사람",,,,,,,,,,
"22.  이동식  크레인(카고크
레인에   한정한다.   이하 같다)·고소작업대(차량 탑재형에  한정한다.  이하 같다)  조종작업",,,,,,,,,,,,,,,,,,,"1)     「국가기술자격법」에
따른   기중기운전기능사의 자격
2)  이  규칙에서  정하는  해 당   교육기관에서   교육을 이수하고  수료시험에  합격 한  사람",,,,,,,,,,
비고,,,,,,,,,,,,,,,,,,,,,,,,,,,,,
1. 제21호에 따른 타워크레인 설치·해체작업 자격을 이 규칙에서 정하는 해당 교육,,,,,,,,,,,,,,,,,,,,,,,,,,,,,
기관에서 교육을 이수하고 수료시험에 합격하여 취득한 근로자가 해당 작업을 하는,,,,,,,,,,,,,,,,,,,,,,,,,,,,,
과정에서 근로자가 준수해야 할 안전보건의무를 이행하지 않아 다른 사람에게 손해,,,,,,,,,,,,,,,,,,,,,,,,,,,,,
를 입혀 벌금 이상의 형을 선고받고 그 형이 확정된 경우에는 같은 별표에 따른 교,,,,,,,,,,,,,,,,,,,,,,,,,,,,,
육(144시간)을 다시 이수하고 수료시험에 합격하기 전까지는 해당 작업에 필요한,,,,,,,,,,,,,,,,,,,,,,,,,,,,,
자격을  가진  근로자로  보지  않는다.,,,,,,,,,,,,,,,,,,,,,,,,,,,,,
2. 2021년 7월 15일 이전에 다음 각 목의 요건을 모두 갖춘 사람으로서 공단이 정하,,,,,,,,,,,,,,,,,,,,,,,,,,,,,
는 지게차 조종 관련 교육을 이수한 경우에는 제4호의2에도 불구하고 지게차를 사,,,,,,,,,,,,,,,,,,,,,,,,,,,,,
용하여  작업할  수  있는  자격이  있는  것으로  본다.,,,,,,,,,,,,,,,,,,,,,,,,,,,,,
가. 「도로교통법」 제80조에 따른 운전면허(같은 조 제2항제2호다목의 원동기장,,,,,,,,,,,,,,,,,,,,,,,,,,,,,
치자전거면허는  제외한다)를  받은  사람,,,,,,,,,,,,,,,,,,,,,,,,,,,,,
나. 3개월  이상  지게차를  사용하여  작업한  경험이  있는  사람,,,,,,,,,,,,,,,,,,,,,,,,,,,,,
■ 유해ㆍ위험작업의  취업  제한에  관한  규칙  [별표  1의2]  <개정  2026.  4.  7.>,,,,,,,,,,,,,,,,,,,,,,,,,,,,,
지정교육기관의??종류??및??인력기준(제4조제1항  관련),,,,,,,,,,,,,,,,,,,,,,,,,,,,,
"지정교육
기관의  종류",,,,,인력기준,,,,,,,,,,,,,,,,,,,,,,,,
"1.  천장  크레인, 컨테이너  크레 인, 이동식 크레 인  및  고소작업 대  조정자격, 양화장치 운전자 격 교육기관",,,,,"가.  인원:  총괄책임자  1명,  강사  3명  이상
나.  자격요건
1)  총괄책임자: 다음의 어느 하나에 해당하는  사람
가)  기술사(기계안전,  전기안전,  산업기계  및  건설기계 분야에  한정한다)  또는  산업안전지도사(기계안전, 전기안전  및  건설안전  분야에  한정한다) 자격을  취 득한  사람
나) 산업안전기사 또는 건설안전기사 이상의 자격을 취 득한 후 해당 분야에서 7년 이상의 실무경력이 있는 사람
다) 「고등교육법」 제2조 각 호에 따른 학교에서 산업 안전 관련 학위를 취득(법령에 따라 이와 같은 수준 이상의  학력이  있다고  인정되는  경우를  포함한다. 이하 이 호 및 제2호에서 같다)한 후 해당 분야에서 7년  이상의  실무경력이  있는  사람
2)  강사:  다음의  어느  하나에  해당하는  사람.  다만,  마)에 해당하는  사람은  1명을  초과해서는  안  된다.
가) 산업안전지도사(기계안전, 전기안전 및 건설안전 분 야에  한정한다)  자격을  취득한  사람
나)  산업안전산업기사  또는  건설안전산업기사  이상의 자격을 취득한 후 해당 분야에서 3년 이상의 실무경 력이 있는  사람
다) 「고등교육법」 제2조 각 호에 따른 학교에서 산업 안전  관련  학위를  취득한  후  해당 분야에서 3년 이 상의  실무경력이 있는 사람
라)  건설기계운전  전문교사  3급  이상의  면허를  취득한 후 해당 분야에서 3년 이상의 실무경력이 있는 사람",,,,,,,,,,,,,,,,,,,,,,,,
,,,,,마)  해당  크레인의  운전기능사  또는  양화장치운전기능 사  자격을  취득한  후  해당 분야에서 5년 이상의 실 무경력이  있는 사람,,,,,,,,,,,,,,,,,,,,,,,,
"2.  승강기  점검  및
보수  자격 교육기관",,,,,"가.  인원:  총괄책임자  1명,  강사  3명  이상 나.  자격요건
1)  총괄책임자: 다음의 어느 하나에 해당하는  사람
가) 기술사(기계안전, 전기안전, 건축기계설비, 건축전기 설비, 산업기계 및 건설기계 분야에 한정한다) 또는 산업안전지도사(기계안전 및  전기안전 분야에 한정 한다)  자격을  취득한  사람
나) 승강기기사 또는 산업안전기사 이상의 자격을 취득 한 후 해당 분야에서 7년 이상의 실무경력이 있는 사 람
다) 「고등교육법」 제2조 각 호에 따른 학교에서 산업 안전  관련  학위를  취득한  후  해당 분야에서 7년 이 상의  실무경력이 있는 사람
2)  강사:  다음의  어느  하나에  해당하는  사람.  다만,  라)에 해당하는  사람은  1명을  초과해서는  안  된다.
가) 산업안전지도사(기계안전 및  전기안전  분야에 한정 한다)  자격을  취득한  사람
나)  승강기산업기사  또는  산업안전산업기사  이상의  자 격을 취득한 후 해당 분야에서 3년 이상의 실무경력 이  있는 사람
다) 「고등교육법」 제2조 각 호에 따른 학교에서 산업 안전  관련  학위를  취득한  후  해당 분야에서 3년 이 상의  실무경력이 있는 사람
라) 승강기기능사  자격을  취득한 후  해당 분야에서 5년 이상의  실무경력이 있는 사람",,,,,,,,,,,,,,,,,,,,,,,,
"3.  흙막이  지보공,",,,,,"가.  인원:  총괄책임자  1명,  강사  3명  이상",,,,,,,,,,,,,,,,,,,,,,,,
"거푸집,  비계의
조립 및 해체 작 업 기능습득 교육 기관",,,,,"나.  자격요건
1)  총괄책임자: 다음의 어느 하나에 해당하는  사람
가) 기술사(건축 분야, 안전관리 분야 중 건설안전 분야, 토목  분야  중  토질 및  기초ㆍ토목구조  분야에  한정 한다) 또는 산업안전지도사(건설안전 분야에 한정한 다)  자격을  취득한  사람
나) 건설안전기사 이상의 자격을 취득한 후 해당 분야에 서  7년 이상의  실무경력이 있는 사람
다) 「고등교육법」 제2조 각 호에 따른 학교에서 건축 또는 토목 관련 학위를 취득(법령에 따라 이와 같은 수준 이상의 학력이 있다고 인정되는 경우를 포함한 다.  이하  이  호에서  같다)한  후  해당 분야에서  7년 이상의  실무경력이 있는 사람
2)  강사:  다음의  어느  하나에  해당하는  사람.  다만,  라)에 해당하는  사람은  1명을  초과해서는  안  된다.
가)  산업안전지도사(건설안전  분야에  한정한다)  자격을 취득한  사람
나) 건설안전산업기사 이상의 자격을 취득한 후 해당 분 야에서 3년 이상의 실무경력이  있는 사람
다) 토목산업기사 또는 건축산업기사 이상의 자격을 취 득한 후 해당 분야에서 3년 이상의 실무경력이 있는 사람
라) 「고등교육법」 제2조 각 호에 따른 학교에서 건축 또는  토목  관련  학위를  취득한  후  해당 분야에서 3 년  이상의 실무경력이 있는  사람",,,,,,,,,,,,,,,,,,,,,,,,
"4.  잠수작업 기능습
득 교육기관",,,,,"가.  인원:  총괄책임자  1명,  강사  2명  이상
나.  자격요건
1)  총괄책임자: 다음의 어느 하나에 해당하는  사람
가) 기술사(안전관리 분야에 한정한다), 산업안전지도사 또는  산업보건지도사  자격을  취득한  사람
나)  산업안전기사  또는  산업위생관리기사  이상의  자격",,,,,,,,,,,,,,,,,,,,,,,,
,,,,,"을 취득한 후 해당 분야에서 7년 이상의 실무경력이
있는  사람
다) 「고등교육법」 제2조 각 호에 따른 학교에서 산업 안전  또는  산업위생  관련  학위를  취득(법령에  따라 이와  같은  수준  이상의  학력이  있다고  인정되는 경 우를 포함한다. 이하 이 호에서 같다)한 후 해당 분야 에서  7년 이상의  실무경력이 있는 사람
라) 잠수산업기사 자격을 취득한 후 해당 분야에서 10년 이상의 실무경력이  있는 사람
2) 강사: 다음의 어느 하나에 해당하는 사람. 다만, 가) 또 는  나)에  해당하는  사람  1명을  포함해야  한다.
가) 산업안전지도사(기계안전 및  전기안전  분야에 한정 한다) 또는 산업보건지도사 자격을 취득한 사람
나) 잠수산업기사, 산업안전산업기사 또는 산업위생관리 산업기사 이상의 자격을 취득한 후 해당 분야에서 3 년  이상의 실무경력이 있는  사람
다) 「고등교육법」 제2조 각 호에 따른 학교에서 산업 안전 또는 산업위생 관련 학위를 취득한 후 해당 분 야에서 3년 이상의 실무경력이  있는 사람
라) 잠수기능사 이상의 자격을 취득한 후 해당 분야에서 5년 이상의 실무경력이  있는 사람
마) 7년 이상의 잠수 분야 실무경력이 있는 사람으로서 이 규칙에서 정하는 해당 교육기관에서 교육을 이수 한  사람",,,,,,,,,,,,,,,,,,,,,,,,
"5.  타워크레인  설
치 및 해체 자격 교육기관",,,,,"가.  인원:  총괄책임자  1명,  강사  3명  이상
나.  자격요건
1)  총괄책임자: 다음의 어느 하나에 해당하는  사람
가) 기술사(건설기계, 산업기계설비, 건축구조, 건축기계 설비,  건축시공, 건축품질시험, 건설안전 분야에  한 정한다)  또는  산업안전지도사(기계안전  및  건설안 전  분야에  한정한다)  자격을  취득한  사람",,,,,,,,,,,,,,,,,,,,,,,,
,,,,,"나)  산업안전기사  또는  건설안전기사의  자격을  취득한
후 해당 분야에서 7년 이상의 실무경력이 있는 사람
다) 「고등교육법」 제2조 각 호에 따른 학교에서 기계, 기계설계, 건축 또는 토목 관련 학위를 취득(법령에 따라 이와 같은 수준 이상의 학력이 있다고 인정되 는 경우를 포함한다. 이하 이 호에서 같다)한 후 해 당  분야에서 7년  이상의 실무경력이 있는  사람
2)  강사:  다음의  어느  하나에  해당하는  사람. 다만,  라)에 해당하는 사람은  1명을 초과해서는  안  된다.
가) 산업안전지도사(기계안전 및 건설안전 분야에 한정 한다)  자격을  취득한  사람
나)  산업안전산업기사  또는  건설안전산업기사  이상의 자격을 취득한 후 해당 분야에서 3년 이상의 실무경 력이  있는 사람
다)  건설기계산업기사  또는  건축산업기사  이상의  자격 을 취득한 후 해당 분야에서 3년 이상의 실무경력이 있는  사람
라) 「고등교육법」 제2조 각 호에 따른 학교에서 기계, 기계설계,  건축  또는  토목  관련  학위를  취득한  후 해당  분야에서 3년  이상의 실무경력이 있는  사람",,,,,,,,,,,,,,,,,,,,,,,,
■ 유해ㆍ위험작업의  취업  제한에  관한  규칙  [별표  2]  <개정  2011.3.16>,,,,,,,,,,,,,,,,,,,,,,,,,,,,,
천장크레인ㆍ컨테이너크레인??조종자격??교육기관의??시설ㆍ장비기 준(제4조제1항  관련),,,,,,,,,,,,,,,,,,,,,,,,,,,,,
시  설    및    장  비  명,,,,,,,,,,,,,,,,단위,훈련,,,,인원별,,,수량,,,,,
,,,,,,,,,,,,,,,,,30명,,,,60명,,,90명,,,,,
"1.  시설
가.  교실 나.  실습장
1)  옥내  실습장
2)  옥외  실습장 다.  공구  및  재료실",,,,,,,,,,,,,,,,㎡,60,,,,60,,,60,,,,,
,,,,,,,,,,,,,,,,㎡,100,,,,150,,,200,,,,,
,,,,,,,,,,,,,,,,㎡,"1,000",,,,"1,200",,,"1,500",,,,,
,,,,,,,,,,,,,,,,㎡,20,,,,30,,,40,,,,,
"2.  장비
가.  크레인(임대  가능)
1)  천장크레인(해당  기관에  한정한다)
2)  컨테이너크레인(해당  기관에  한정하며, 현장  활용도  가능)
3)  지상훈련장치
나.  워키토키(송수신기) 다.  감속장치
라.  전자  브레이크  장치 마.  가스  용접기
바.  와이어  커터
사.  풀리 풀러(pulley puller) 아.  소켓  렌치
자.  오픈  렌치 차.  볼핀  해머
카.  플라스틱  해머 타.  충전기
파.  작업대 하.  바이스
거.  양두  연삭기
너.  탁상  드릴링머신 더.  오일  주입기
러.  그리스  주입기 머.  회로  시험기 버.  버니어캘리퍼스 서.  특수공구
어.  OVM  공구",,,,,,,,,,,,,,,,대,1,,,,1,,,2,,,,,
,,,,,,,,,,,,,,,,대,1,,,,1,,,2,,,,,
,,,,,,,,,,,,,,,,대,2,,,,2,,,4,,,,,
,,,,,,,,,,,,,,,,대,1,,,,1,,,1,,,,,
,,,,,,,,,,,,,,,,대,1,,,,1,,,1,,,,,
,,,,,,,,,,,,,,,,대,1,,,,2,,,2,,,,,
,,,,,,,,,,,,,,,,대,6,,,,12,,,16,,,,,
,,,,,,,,,,,,,,,,개,3,,,,6,,,9,,,,,
,,,,,,,,,,,,,,,,세트,3,,,,6,,,9,,,,,
,,,,,,,,,,,,,,,,세트,3,,,,6,,,9,,,,,
,,,,,,,,,,,,,,,,개,3,,,,6,,,9,,,,,
,,,,,,,,,,,,,,,,개,3,,,,6,,,9,,,,,
,,,,,,,,,,,,,,,,대,1,,,,1,,,1,,,,,
,,,,,,,,,,,,,,,,대,4,,,,8,,,10,,,,,
,,,,,,,,,,,,,,,,대,4,,,,8,,,10,,,,,
,,,,,,,,,,,,,,,,대,1,,,,1,,,1,,,,,
,,,,,,,,,,,,,,,,대,1,,,,1,,,1,,,,,
,,,,,,,,,,,,,,,,대,2,,,,4,,,6,,,,,
,,,,,,,,,,,,,,,,대,2,,,,4,,,6,,,,,
,,,,,,,,,,,,,,,,세트,2,,,,4,,,6,,,,,
,,,,,,,,,,,,,,,,개,4,,,,8,,,10,,,,,
,,,,,,,,,,,,,,,,세트,1,,,,1,,,1,,,,,
,,,,,,,,,,,,,,,,세트,5,,,,5,,,7,,,,,
저.,줄걸이  공구,,,,,,,,,,,,,,,세트,1,,,,2,,,3,,,,,
처.,트롤리,,,,,,,,,,,,,,,세트,1,,,,2,,,3,,,,,
커.,측정용구,,,,,,,,,,,,,,,세트,2,,,,4,,,6,,,,,
승강기??점검??및??보수??자격??교육기관의??시설ㆍ장비기준(제4조제1항  관련),,,,,,,,,,,,,,,,,,,,,,,,,,,,,
시설  및  장비명,,,,,,,,,,,,,,,,단위,훈련인원별  수량,,,,,,,,,,,,
,,,,,,,,,,,,,,,,,30명,,,,60명,,,90명,,,,,
1.  시설,,,,,,,,,,,,,,,,,,,,,,,,,,,,,
가.  교실,,,,,,,,,,,,,,,,㎡,60,,,,60,,,60,,,,,
나.  옥내  실습장,,,,,,,,,,,,,,,,㎡,110,,,,150,,,200,,,,,
다.  공구  및  재료실,,,,,,,,,,,,,,,,㎡,20,,,,30,,,40,,,,,
2.  장비,,,,,,,,,,,,,,,,,,,,,,,,,,,,,
가.  와이어로프  테스터,,,,,,,,,,,,,,,,대,1,,,,1,,,2,,,,,
나.  라인  스피드미터,,,,,,,,,,,,,,,,대,2,,,,4,,,4,,,,,
다.  진동  측정기,,,,,,,,,,,,,,,,세트,1,,,,1,,,1,,,,,
라.  초음파  두께측정기,,,,,,,,,,,,,,,,세트,1,,,,1,,,3,,,,,
마.  금속  현미경,,,,,,,,,,,,,,,,대,1,,,,1,,,3,,,,,
바.  시험분동,,,,,,,,,,,,,,,,세트,2,,,,4,,,4,,,,,
사.  절연저항  측정기,,,,,,,,,,,,,,,,세트,7,,,,7,,,10,,,,,
아.  만능  회로시험기(기록장치가,,,,,,,,,,,부착된,,,것),,세트,1,,,,1,,,2,,,,,
자.  비파괴  시험장치,,,,,,,,,,,,,,,,대,1,,,,1,,,2,,,,,
차.  조도계,,,,,,,,,,,,,,,,대,3,,,,5,,,7,,,,,
카.  소음  측정기,,,,,,,,,,,,,,,,대,2,,,,4,,,4,,,,,
타.  승강기(현장  활용도  가능),,,,,,,,,,,,,,,,대,1,,,,1,,,2,,,,,
"흙막이??지보공,??거푸집,??비계의??조립??및??해체작업??기능습득??교육기",,,,,,,,,,,,,,,,,,,,,,,,,,,,,
관의??시설ㆍ장비기준(제4조제1항  관련),,,,,,,,,,,,,,,,,,,,,,,,,,,,,
시설  및  장비명,,,,,,,,,,,,,,,,단위,훈련,,,,인원별,,,수량,,,,,
,,,,,,,,,,,,,,,,,30명,,,,60명,,,90명,,,,,
"1.  시설기준
가.  교실 나.  실습장
1)  옥내
2)  옥외 다.  공구실 라.  재료실",,,,,,,,,,,,,,,,㎡,60,,,,60,,,60,,,,,
,,,,,,,,,,,,,,,,㎡,100,,,,150,,,200,,,,,
,,,,,,,,,,,,,,,,㎡,300,,,,400,,,500,,,,,
,,,,,,,,,,,,,,,,㎡,10,,,,20,,,30,,,,,
,,,,,,,,,,,,,,,,㎡,20,,,,40,,,60,,,,,
2.  장비,,,,,,,,,,,,,,,,,,,,,,,,,,,,,
가.  작업대,,,,,,,,,,,,,,,,개,15,,,,20,,,30,,,,,
나.  둥근톱,,,,,,,,,,,,,,,,대,1,,,,1,,,1,,,,,
다.  휴대용  전기둥근톱,,,,,,,,,,,,,,,,대,3,,,,6,,,9,,,,,
라.  휴대용  전기대패,,,,,,,,,,,,,,,,대,3,,,,6,,,9,,,,,
마.  휴대용  전기드릴,,,,,,,,,,,,,,,,대,3,,,,6,,,9,,,,,
바.  레벨,,,,,,,,,,,,,,,,대,3,,,,6,,,9,,,,,
사.  트렌싯,,,,,,,,,,,,,,,,대,3,,,,6,,,9,,,,,
아.  양두  연삭기,,,,,,,,,,,,,,,,개,1,,,,2,,,3,,,,,
"자.  직선  자(스테인리스,  1m용)",,,,,,,,,,,,,,,,개,10,,,,20,,,30,,,,,
"차.  줄자(철제,  50m  이상)",,,,,,,,,,,,,,,,개,10,,,,20,,,30,,,,,
"카.  줄자(철제,  5m)",,,,,,,,,,,,,,,,개,30,,,,60,,,90,,,,,
"타.  평대패(장,  단)",,,,,,,,,,,,,,,,개,각  30,,,,각  60,,,각  90,,,,,
"파.  양날톱(대,  소)",,,,,,,,,,,,,,,,개,각  30,,,,각  60,,,각  90,,,,,
잠수작업??기능습득??교육기관의??시설ㆍ장비기준(제4조제1항  관련),,,,,,,,,,,,,,,,,,,,,,,,,,,,,
시설  및  장비명,,,,,,,,,,,,,,,,단위,훈련,,,,인원별,,,수량,,,,,
,,,,,,,,,,,,,,,,,30명,,,,60명,,,90명,,,,,
1.  시설,,,,,,,,,,,,,,,,,,,,,,,,,,,,,
가.,교실,,,,,,,,,,,,,,,㎡,60,,,,60,,,60,,,,,
나.,실습장(현장  활용도  가능),,,,,,,,,,,,,,,㎡,100,,,,150,,,200,,,,,
다.,공구실,,,,,,,,,,,,,,,㎡,10,,,,20,,,30,,,,,
라.,재료실,,,,,,,,,,,,,,,㎡,20,,,,40,,,60,,,,,
2.  장비,,,,,,,,,,,,,,,,,,,,,,,,,,,,,
가.,공기압축기,,,,,,,,,,,,,,,대,2,,,,4,,,6,,,,,
나.,압력  게이지,,,,,,,,,,,,,,,세트,3,,,,6,,,9,,,,,
다.,감압  및  가압  장치(현장  활용도,,,,,,,,,,,,가능),,,세트,2,,,,4,,,6,,,,,
라.,잠수구,,,,,,,,,,,,,,,세트,5,,,,10,,,15,,,,,
양화장치??운전자격??교육기관의??시설ㆍ장비기준(제4조제1항  관련),,,,,,,,,,,,,,,,,,,,,,,,,,,,,
시  설    및    장  비  명,,,,,,,,,,,,,,,,단위,훈련,,,,인원별,,,수량,,,,,
,,,,,,,,,,,,,,,,,30명,,,,60명,,,90명,,,,,
1.  시설기준,,,,,,,,,,,,,,,,,,,,,,,,,,,,,
가.  교실,,,,,,,,,,,,,,,,㎡,60,,,,60,,,60,,,,,
나.  실습장,,,,,,,,,,,,,,,,㎡,200,,,,250,,,300,,,,,
다.  공구  및  재료실,,,,,,,,,,,,,,,,㎡,30,,,,40,,,50,,,,,
2.  장비,,,,,,,,,,,,,,,,,,,,,,,,,,,,,
가.  양화기(揚貨機),,,,,,,,,,,,,,,,대,1,,,,2,,,3,,,,,
나.  드릴링머신,,,,,,,,,,,,,,,,대,1,,,,1,,,2,,,,,
다.  그리스  건,,,,,,,,,,,,,,,,개,3,,,,6,,,9,,,,,
라.  튜빙  툴  커터,,,,,,,,,,,,,,,,세트,1,,,,1,,,2,,,,,
마.  와이어  커터,,,,,,,,,,,,,,,,대,1,,,,2,,,3,,,,,
바.  버니어캘리퍼스,,,,,,,,,,,,,,,,개,3,,,,6,,,9,,,,,
사.  복스렌치,,,,,,,,,,,,,,,,세트,3,,,,6,,,9,,,,,
아.  바이스,,,,,,,,,,,,,,,,대,1,,,,2,,,3,,,,,
자.  샤클,,,,,,,,,,,,,,,,개,5,,,,10,,,15,,,,,
차.  도르래,,,,,,,,,,,,,,,,개,5,,,,10,,,15,,,,,
카.  멀티미터,,,,,,,,,,,,,,,,대,2,,,,4,,,6,,,,,
타.  일반공구,,,,,,,,,,,,,,,,세트,5,,,,10,,,15,,,,,
타워크레인??설치ㆍ해체자격??교육기관의??시설ㆍ장비기준,,,,,,,,,,,,,,,,,,,,,,,,,,,,,
(제4조제1항  관련),,,,,,,,,,,,,,,,,,,,,,,,,,,,,
시설  및  장비명,,,,,,,,,,단위,,,,,훈련  인원별  수량,,,,,,,,,,,,,,
,,,,,,,,,,,,,,,30명,,,60명,,,,,90명,,,,,,
1.  시설,,,,,,,,,,,,,,,,,,,,,,,,,,,,,
가.  교실,,,,,,,,,,㎡,,,,,60,,,60,,,,,60,,,,,,
나.  실습장(현장  활용도,,,,,,,,가능),,㎡,,,,,100,,,150,,,,,200,,,,,,
다.  공구  및  재료실,,,,,,,,,,㎡,,,,,30,,,60,,,,,90,,,,,,
"2.  장비
가.  타워크레인(T형  12톤  이 상,  임대  가능)
나.  타워크레인  상승작업장치 다.  계단식  작업발판(지상에서
상승작업  위치까지) 라.  토크렌치
마.  드릴링  머신 바.  레벨
사.  트랜싯
아.  양두  연삭기
자.  체인블록(0.5톤  및  1톤) 차. 레버블록(0.3톤 및 0.5톤) 카.  줄걸이용  로프,  체인
타.  도르래 파.  일반공구
하.  샤클,  심블,  클립
거.   직선  자(스테인리스,   1m 용)
너.   철제   줄자(5m   이상   및 50m  이상)
더.  송수신기
러.  버니어캘리퍼스",,,,,,,,,,대,,,,,1,,,1,,,,,1,,,,,,
,,,,,,,,,,대,,,,,1,,,1,,,,,1,,,,,,
,,,,,,,,,,세트,,,,,1,,,1,,,,,1,,,,,,
,,,,,,,,,,대,,,,,2,,,4,,,,,8,,,,,,
,,,,,,,,,,대,,,,,1,,,1,,,,,2,,,,,,
,,,,,,,,,,대,,,,,3,,,6,,,,,9,,,,,,
,,,,,,,,,,대,,,,,3,,,6,,,,,9,,,,,,
,,,,,,,,,,대,,,,,1,,,2,,,,,3,,,,,,
,,,,,,,,,,세트,,,,,2,,,4,,,,,8,,,,,,
,,,,,,,,,,세트,,,,,2,,,4,,,,,8,,,,,,
,,,,,,,,,,세트,,,,,5,,,10,,,,,15,,,,,,
,,,,,,,,,,개,,,,,5,,,10,,,,,15,,,,,,
,,,,,,,,,,세트,,,,,5,,,10,,,,,15,,,,,,
,,,,,,,,,,세트,,,,,5,,,10,,,,,15,,,,,,
,,,,,,,,,,개,,,,,5,,,10,,,,,15,,,,,,
,,,,,,,,,,세트,,,,,10,,,20,,,,,30,,,,,,
,,,,,,,,,,대,,,,,2,,,2,,,,,4,,,,,,
,,,,,,,,,,대,,,,,4,,,8,,,,,10,,,,,,
■  유해ㆍ위험작업의  취업  제한에  관한  규칙  [별표  5의4]  <신설  2019.  1.  31.>,,,,,,,,,,,,,,,,,,,,,,,,,,,,,
이동식??크레인ㆍ고소작업대??조종자격??교육기관의??시설ㆍ장비기준,,,,,,,,,,,,,,,,,,,,,,,,,,,,,
(제4조제1항  관련),,,,,,,,,,,,,,,,,,,,,,,,,,,,,
시설  및  장비명,,,,,,,,,,,,단위,,,,훈련  인원별  수량,,,,,,,,,,,,,
,,,,,,,,,,,,,,,,30명,,,,60명,,,,,90명,,,,
1.  시설,,,,,,,,,,,,,,,,,,,,,,,,,,,,,
가.,교실,,,,,,,,,,,㎡,,,,60,,,,60,,,,,60,,,,
나.,실습장,,,,,,,,,,,㎡,,,,"1,000",,,,"1,200",,,,,"1,500",,,,
다.,공구  및  재료실,,,,,,,,,,,㎡,,,,20,,,,30,,,,,40,,,,
2.  장비,,,,,,,,,,,,,,,,,,,,,,,,,,,,,
가.,이동식  크레인(임대가능),,,,,,,,,,,대,,,,1,,,,1,,,,,2,,,,
나.,고소작업대(임대가능),,,,,,,,,,,대,,,,1,,,,1,,,,,2,,,,
다.,소켓  렌치,,,,,,,,,,,세트,,,,3,,,,6,,,,,9,,,,
라.,오픈  렌치,,,,,,,,,,,세트,,,,3,,,,6,,,,,9,,,,
마.,플라스틱  해머,,,,,,,,,,,개,,,,3,,,,6,,,,,9,,,,
바.,작업대,,,,,,,,,,,대,,,,4,,,,8,,,,,10,,,,
사.,오일  주입기,,,,,,,,,,,대,,,,2,,,,4,,,,,6,,,,
아.,그리스  주입기,,,,,,,,,,,대,,,,2,,,,4,,,,,6,,,,
자.,버니어캘리퍼스,,,,,,,,,,,개,,,,4,,,,8,,,,,10,,,,
차.,줄걸이  공구,,,,,,,,,,,세트,,,,1,,,,2,,,,,3,,,,
카.,측정용구,,,,,,,,,,,세트,,,,2,,,,4,,,,,6,,,,
타.,토크  렌치,,,,,,,,,,,세트,,,,2,,,,4,,,,,6,,,,
■ 유해ㆍ위험작업의  취업  제한에  관한  규칙  [별표  6]  <개정  2019.  1.  31.>,,,,,,,,,,,,,,,,,,,,,,,,,,,,,
자격취득ㆍ기능습득??분야??교육??내용??및??기간(시간)(제7조  관련),,,,,,,,,,,,,,,,,,,,,,,,,,,,,
교  육  명,,,,,교  육    내  용,,,,,,,,,,,,,,,,,기간(시간),,,,,,,
"1.  천장크레인ㆍ컨테
이너크레인    조종 자격 취득",,,,,이 론,,"가. 관계 법령
나. 해당 크레인 구조 및 특성에 관한 사항 다. 검사에 관한 기준
라. 해당 크레인 점검 및 정비에 관한 사항 마. 이상 시 응급조치에 관한 사항
바. 해당 크레인 신호요령에 관한 사항 사. 운반작업 기초이론에 관한 사항
아. 와이어로프 강도에 관한 사항 자. 종합평가",,,,,,,,,,,,,,,3개월,,,,,,,
,,,,,실 기,,"가. 해당 크레인 신호요령 및 신호방법의 숙지에
관한 사항
나. 해당 크레인 운전조작에 관한 사항 다. 로프걸이 기능에 관한 사항
라. 작업 전후 점검 사항
마. 해당 크레인 작업물체 인양 및 권상(捲上) 조작에 관한 사항",,,,,,,,,,,,,,,,,,,,,,
2.  승강기  점검  및 보수자격 취득,,,,,이 론,,"가. 관계 법령
나. 기계공학 및 전기공학 기초(개론) 다. 승강기 검사기준
라. 승강기 정비 및 점검에 관한 사항 (크레인  포함)
마. 승강기의 구조와 원리에 관한 사항 바. 승강기의 수리 및 조정에 관한 사항 사. 와이어로프 및 달기기구에 관한 사항 아. 종합평가
자. 승강기 관련 규격",,,,,,,,,,,,,,,3개월,,,,,,,
,,,,,실 기,,"가. 승강기 수리ㆍ조정 및 기능에 관한 사항 나. 승강기 조립ㆍ해체 실무에 관한 사항 다. 승강기 운전조작에 관한 사항
라. 체크리스트 작성에 관한 사항",,,,,,,,,,,,,,,,,,,,,,
3.  흙막이  지보공의 조립  및  해체작 업 기능습득,,,,,이 론,,"가. 관계 법령
나. 흙막이 지보공에 필요한 조립도에 관한 사 항",,,,,,,,,,,,,,,8시간,,,,,,,
,,,,,,,"다. 부재(部材)의 재료 및 설치방법에 관한 사항
라. 붕괴ㆍ침하 위험방지에 관한 사항 마. 작업 안전점검에 관한 사항
바. 흙막이 지보공의 구조 및 설치ㆍ해체 시의 안전작업에 관한 사항",,,,,,,,,,,,,,,,,,,,,,
,,,,,실 기,,"가. 흙막이 지보공 조립도 구축에 관한 사항
나. 흙막이 지보공의 구조 및 설치ㆍ해체 작업에 관한 사항
다. 부재의 접속 및 부착방법에 관한 사항
라. 제품 및 원재료ㆍ부재료의 취급ㆍ해체에 관한 사항",,,,,,,,,,,,,,,,,,,,,,
4.  거푸집의  조립 및     해체작업 기능습득,,,,,이 론,,"가. 관계 법령
나. 거푸집 동바리 재료의 종류에 관한 사항 다. 거푸집 형상 및 타설방법에 관한 사항 라. 거푸집 조립도에 관한 사항
마. 거푸집 조립 작업요령 및 방법에 관한 사항 바. 거푸집의 해체 순서 및 방법에 관한 사항",,,,,,,,,,,,,,,8시간,,,,,,,
,,,,,실 기,,"가. 거푸집의 침하 방지 요령에 관한 사항 나. 지주 및 받침대 설치방법에 관한 사항
다. 강재의 접속부 및 교차부의 연결조립에 관한 사항 라. 강관의 설치방법에 관한 사항",,,,,,,,,,,,,,,,,,,,,,
"5.  비계의  조립  및
해체작업 기능습 득",,,,,이 론,,"가. 관계 법령
나. 강관 비계 자료의 규격에 관한 사항 다. 추락 재해방지에 관한 사항
라. 비계 등의 점검 및 보수에 관한 사항 마. 비계의 종류 및 구조에 관한 사항",,,,,,,,,,,,,,,8시간,,,,,,,
,,,,,실 기,,"가. 비계 등의 조립 및 해체 순서에 관한 사항 나. 발판의 설치에 관한 사항
다. 비계의 접속ㆍ연결 및 받침대 사용에 관한 사항 라. 달기로프 사용 및 작업에 관한 사항
마. 비계의 조립도 구축에 관한 사항",,,,,,,,,,,,,,,,,,,,,,
6.   잠수작업   기능 습득,,,,,이 론,,"가. 관계 법령
나. 잠함기ㆍ공기압축기의 구조 및 원리에 관한 사항
다. 수중작업의 기술지침에 관한 사항
라.  수중장비ㆍ안전보호구의  점검  및  보수에 관한 사항",,,,,,,,,,,,,,,8시간,,,,,,,
,,,,,,,"마. 고기압하의 인체에 미치는 영향에 관한 사항
바. 수중작업방법 안전기준에 관한 사항",,,,,,,,,,,,,,,,,,,,,,
,,,,,실 기,,"가. 수중장비 사용 및 점검 요령에 관한 사항
나. 장비측정기구 활용에 관한 사항 다. 작업 순서 및 신호에 관한 사항
라. 비상시 응급처치능력에 관한 사항",,,,,,,,,,,,,,,,,,,,,,
7.   양 화 장 치   운 전 자격  취득,,,,,이 론,,"가. 관계 법령
나. 공업수학 및 기초물리에 관한 사항 다. 하역장비 일반에 관한 사항
라. 화물 취급에 관한 사항",,,,,,,,,,,,,,,3개월,,,,,,,
,,,,,실 기,,"가. 공구에 관한 사항
나. 하역 보조기구 취급ㆍ사용에 관한 사항 다. 장비 취급에 관한 사항
라. 양화기 조작 및 조종에 관한 사항 마. 작업 전후 점검사항",,,,,,,,,,,,,,,,,,,,,,
"8.  타워크레인  설치
ㆍ해체자격 취득",,,,,이 론,,"가. 관계 법령
나. 타워크레인 구조 및 특성에 관한 사항 다. 타워크레인 점검 및 정비에 관한 사항 라. 타워크레인 사용요령에   관한 사항
마. 타워크레인 설치ㆍ해체작업에 관한 사항 바. 추락 재해방지에 관한 사항
사. 이상 시 응급조치에 관한 사항",,,,,,,,,,,,,,,144시간    ( 보 수 교 육 의   경우에 는 36시간),,,,,,,
,,,,,실 기,,"가.  타워크레인  설치ㆍ해체  순서  및  작업방
법에 관한 사항
나. 타워크레인 상승작업방법에 관한 사항 다. 타워크레인 지지ㆍ고정 방법에 관한 사항 라. 현장 견학 및 실습",,,,,,,,,,,,,,,,,,,,,,
9.  이동식  크레인ㆍ 고소작업대   조종 자격 취득,,,,,이 론,,"가. 관계 법령
나.  이동식  크레인ㆍ고소작업대  구조  및  특 성에 관한 사항
다.  이동식  크레인ㆍ고소작업대  점검  및  정 비에 관한 사항
라.  이동식  크레인ㆍ고소작업대  조작요령에 관한 사항",,,,,,,,,,,,,,,20시간,,,,,,,
,,,,,실 기,,"가.  이동식  크레인ㆍ고소작업대  작업  시작
전 점검에 관한 사항
나.  이동식  크레인ㆍ고소작업대  작업방법에 관한 사항
다. 이상 시 응급조치에 관한 사항",,,,,,,,,,,,,,,,,,,,,,
교육기관  지정신청서,,,,,,,,,,,,,,,,,,,,,,,,,,,,,
※ [ ]에는 해당되는 곳에 √ 표시를 합니다.,,,,,,,,,,,,,,,,,,,,,,,,,,,,,
접수번호,,,,,,접수일,,,,,,,,,처리일,,,,,,,처리기간        30일,,,,,,,
신청인,,대표자 성명,,,,,,,,,,,,,,,,,,,,,,,,,,,
,,기관명,,,,,,,,,,,,,,,,,,,,전화번호,,,,,,,
,,소재지,,,,,,,,,,,,,,,,,,,,,,,,,,,
,,"[  ] 천장크레인, 컨테이너크레인, 이동식 크레인 및 고소작업대 조종자격, 양화장치 운 전자격",,,,,,,,,,,,,,,,,,,,,,,,,,,
지정,,[,,] 승강기 점검 및 보수자격,,,,,,,,,,,,,,,,,,,,,,,,,
교육기관,,"[
[",,"] 흙막이 지보공, 거푸집, 비계의 조립 및 해체작업 기능습득
] 잠수작업 기능습득",,,,,,,,,,,,,,,,,,,,,,,,,
,,[,,] 타워크레인 설치ㆍ해체자격,,,,,,,,,,,,,,,,,,,,,,,,,
「유해ㆍ위험작업의 취업제한에 관한 규칙」 제5조제1항에 따라 위와 같이 교육기관의 지정을 신,,,,,,,,,,,,,,,,,,,,,,,,,,,,,
청합니다.,,,,,,,,,,,,,,,,,,,,,,,,,,,,,
년             월             일,,,,,,,,,,,,,,,,,,,,,,,,,,,,,
신청인                                             (서명 또는 인),,,,,,,,,,,,,,,,,,,,,,,,,,,,,
???지방고용노동청(지청)장??귀하??????????????????????????????????????????????????????????????????????????????????????????,,,,,,,,,,,,,,,,,,,,,,,,,,,,,
신청인 (대표자) 제출서류,,"1. 정관
2.  「유해ㆍ위험작업의  취업제한에  관한  규칙」  별표  1의2에  따른  인력기준에  해당하는  사람의 자격과 채용을 증명할 수 있는 서류
3.  건물임대차계약서  사본이나  그  밖에  사무실의  보유를  증명할  수  있는  서류(건물등기부 등본을 통하여 사무실을 확인할 수 없는 경우에만 제출합니다)와 시설ㆍ설비 명세서
4. 최초 1년간의 사업계획서",,,,,,,,,,,,,,,,,,,,,,,,,,수수료 없음,
담당 직원 확인 사항,,"1. 법인등기사항증명서
2. 건물등기부 등본",,,,,,,,,,,,,,,,,,,,,,,,,,,
공지사항,,,,,,,,,,,,,,,,,,,,,,,,,,,,,
위 민원의 처리결과에 대한 만족도 조사 및 관련 제도 개선에 필요한 의견조사를 위해 귀하의 전화번호(휴대전화)로 전화조사를 실시 할,,,,,,,,,,,,,,,,,,,,,,,,,,,,,
수 있습니다.,,,,,,,,,,,,,,,,,,,,,,,,,,,,,
,,,,,,,,,,,,,,,,,,,,,,,,,,,,,
210mm×297mm[일반용지 60g/㎡(재활용품)],,,,,,,,,,,,,,,,,,,,,,,,,,,,,
제     호,,,,,,,,,,,,,,,,,,,,,,,,,,,,,
(               )  교육기관  지정서,,,,,,,,,,,,,,,,,,,,,,,,,,,,,
1.  기관명:                                   ( 전화번호:                                 ),,,,,,,,,,,,,,,,,,,,,,,,,,,,,
2.  대표자  성명:,,,,,,,,,,,,,,,,,,,,,,,,,,,,,
3.  소재지:,,,,,,,,,,,,,,,,,,,,,,,,,,,,,
4.  지정조건:,,,,,,,,,,,,,,,,,,,,,,,,,,,,,
「유해ㆍ위험작업의  취업제한에  관한  규칙」  제5조제3항에  따라,,,,,,,,,,,,,,,,,,,,,,,,,,,,,
(                )교육기관으로 지정합니다.,,,,,,,,,,,,,,,,,,,,,,,,,,,,,
년             월             일,,,,,,,,,,,,,,,,,,,,,,,,,,,,,
지방고용노동청(지청)장,,,,,,,,,,,,,,,,,,,,,,,,,,,,,
직인,,,,,,,,,,,,,,,,,,,,,,,,,,,,,
210㎜×297㎜[보존용지 120g/㎡],,,,,,,,,,,,,,,,,,,,,,,,,,,,,
인력ㆍ시설  변경신고서,,,,,,,,,,,,,,,,,,,,,,,,,,,,,
※ [ ]에는 해당되는 곳에 √ 표시를 합니다.,,,,,,,,,,,,,,,,,,,,,,,,,,,,,
접수번호,,,,,,접수일,,,,,,,,,처리일,,,,,,,처리기간        30일,,,,,,,
신고인,,기관명,,,,,,,,,,,,,,,,,,,,전화번호,,,,,,,
,,소재지,,,,,,,,,,,,,,,,,,,,,,,,,,,
,,대표자  성명,,,,,,,,,,,,,,,,,,,,,,,,,,,
변경 내역,,기존  사항,,,,,,,,,,,,,,,,,,,,,,,,,,,
,,변경사항,,,,,,,,,,,,,,,,,,,,,,,,,,,
,,변경  사유  발생일,,,,,,,,,,,,,,,,,,,,,,,,,,,
「유해ㆍ위험작업의 취업제한에 관한 규칙」 제5조제5항에 따라   [   ]인력,,,,,,,,,,,,,,,,,,,,,,,,,,,,,
[   ]시설,,,,,,,,,,,,,,,,,,,,,,,,,,,,,
변경사항을 신고합니다.,,,,,,,,,,,,,,,,,,,,,,,,,,,,,
년             월             일,,,,,,,,,,,,,,,,,,,,,,,,,,,,,
신고인(대표자),,,,,,,,,,,,,,,,,,,,,,,,,,,,,
(서명 또는 인),,,,,,,,,,,,,,,,,,,,,,,,,,,,,
???????지방고용노동청(지청)장?귀하????????????????????????????????????????????????????????????????????????????????????????,,,,,,,,,,,,,,,,,,,,,,,,,,,,,
첨부서류,,"1. 변경 사실을 증명하는 서류 사본 1부
2. 교육기관 지정서",,,,,,,,,,,,,,,,,,,,,,,,수수료 없음,,,
공지사항,,,,,,,,,,,,,,,,,,,,,,,,,,,,,
위 민원의 처리결과에 대한 만족도 조사 및 관련 제도 개선에 필요한 의견조사를 위해 귀하의 전화번호(휴대전화)로 전화조사를 실시할 수,,,,,,,,,,,,,,,,,,,,,,,,,,,,,
있습니다.,,,,,,,,,,,,,,,,,,,,,,,,,,,,,
,,,,,,,,,,,,,,,,,,,,,,,,,,,,,
210mm×297mm(일반용지 60g/㎡(재활용품)),,,,,,,,,,,,,,,,,,,,,,,,,,,,,
교육수강  신청서,,,,,,,,,,,,,,,,,,,,,,,,,,,,,
※ [ ]에는 해당되는 곳에 √ 표시를 합니다.,,,,,,,,,,,,,,,,,,,,,,,,,,,,,
접수번호,,,,,,접수일,,,,,,,,,처리일,,,,,,,,처리기간,,,,,,
신청인,,성명,,,,,,,,,,,,,,,,,,,,,,,,,,,
,,생년월일,,,,,,,,,,,,,,,,직책,,,,,,,,,,,
,,최종학력,,,,,,,,,,,,,,,,국가기술자격  취득  종목  및  등급,,,,,,,,,,,
교육과정명,,,,,,,,,,,,,,,,,,해당  업무  근속연수,,,,,,,,,,,
사업장,,명칭,,,,,,,,,,,,,,,,사업,,종류,,,,,,,,근로자  수,
,,대표자  성명,,,,,,,,,,,,,,,,전화번호,,,,,,,,,,,
,,소재지,,,,,,,,,,,,,,,,관할,,지방고용노동관서,,,,,,,,,
위  본인은  「유해ㆍ위험작업의 취업제한에 관한 규칙」  제10조에  따라,,,,,,,,,,,,,,,,,,,,,,,,,,,,,
[   ]자격취득,,,,,,,,,,,,,,,,,,,,,,,,,,,,,
[   ]기능습득,,,,,,,,,,,,,,,,,,,,,,,,,,,,,
교육을,,,,,,,,,,,,,,,,,,,,,,,,,,,,,
받고자 위와 같이 수강 신청을 합니다.,,,,,,,,,,,,,,,,,,,,,,,,,,,,,
년             월             일,,,,,,,,,,,,,,,,,,,,,,,,,,,,,
신청인(대표자)                                            (서명 또는 인),,,,,,,,,,,,,,,,,,,,,,,,,,,,,
?????교육실시기관의?장?귀하??????????????????????????????????????????????????????????????????????????????????????????????,,,,,,,,,,,,,,,,,,,,,,,,,,,,,
,,,,,,,,,,,,,,,,,,,,,,,,,,,,,
210mm×297mm(일반용지 60g/㎡(재활용품)),,,,,,,,,,,,,,,,,,,,,,,,,,,,,
제     호,,,,,,,,,,,,,,,,,,,,,,,,,,,,,
자격교육  수료증,,,,,,,,,,,,,,,,,,,,,,,,,,,,,
1.  소  속:,,,,,,,,,,,,,,,,,,,,,,,,,,,,,
2.  직  책:,,,,,,,,,,,,,,,,,,,,,,,,,,,,,
3.  성  명:,,,,,,,,,,,,,,,,,,,,,,,,,,,,,
4.  생년월일:,,,,,,,,,,,,,,,,,,,,,,,,,,,,,
위 사람은 「유해ㆍ위험작업의 취업제한에 관한 규칙」 제11조제1항,,,,,,,,,,,,,,,,,,,,,,,,,,,,,
에 따라 (                       )과정의 교육을 이수하고 정해진 시험에 합 격하였으므로 이 증서를 수여합니다.,,,,,,,,,,,,,,,,,,,,,,,,,,,,,
년             월             일,,,,,,,,,,,,,,,,,,,,,,,,,,,,,
교육실시기관의  장,,,,,,,,,,,,,,,,,,,,,,,,,,,,,
직인,,,,,,,,,,,,,,,,,,,,,,,,,,,,,
210㎜×297㎜[보존용지 120g/㎡],,,,,,,,,,,,,,,,,,,,,,,,,,,,,
제     호,,,,,,,,,,,,,,,,,,,,,,,,,,,,,
기능습득  교육이수증,,,,,,,,,,,,,,,,,,,,,,,,,,,,,
1.  소  속:,,,,,,,,,,,,,,,,,,,,,,,,,,,,,
2.  직  책:,,,,,,,,,,,,,,,,,,,,,,,,,,,,,
3.  성  명:,,,,,,,,,,,,,,,,,,,,,,,,,,,,,
4.  생년월일:,,,,,,,,,,,,,,,,,,,,,,,,,,,,,
위 사람은 「유해ㆍ위험작업의 취업제한에 관한 규칙」 제11조제3항,,,,,,,,,,,,,,,,,,,,,,,,,,,,,
에 따른 (                       )과정의 교육을 이수하고 정해진 시험에 합 격하였으므로 이 증서를 수여합니다.,,,,,,,,,,,,,,,,,,,,,,,,,,,,,
년             월             일,,,,,,,,,,,,,,,,,,,,,,,,,,,,,
교육실시기관의  장,,,,,,,,,,,,,,,,,,,,,,,,,,,,,
직인,,,,,,,,,,,,,,,,,,,,,,,,,,,,,
210㎜×297㎜[보존용지 120g/㎡],,,,,,,,,,,,,,,,,,,,,,,,,,,,,
※ [ ]에는 해당되는 곳에 √ 표시를 합니다.,,,,,,,,,,,,,,,,,,,,,,,,,,,,,
수료증등 재발급신청서,,,,,,,,,,,,,,,,,,,,,,,,,,,,,
접수번호,,,,,,접수일,,,,,,,,,처리일,,,,,,,,처리기간         10일,,,,,,
신청인,,성명,,,,,,,,,,,,,,,,,,,,,생년월일,,,,,,
,,주소,,,,,,,,,,,,,,,,,,,,,,,,,,,
발행기관,,명칭,,,,,,,,,,,,,,,,,,,,,등록번호,,,,,,
,,면허  종류,,,,,,,,,,,,,,,,,,,,,등록  연월일,,,,,,
,,재발급  사유,,,,,,,,,,,,,,,,,,,,,,,,,,,
「유해ㆍ위험작업의 취업제한에 관한 규칙」 제12조제1항에 따라,,,,,,,,,,,,,,,,,,,,,,,,,,,,,
[   ]자격교육  수료증,,,,,,,,,,,,,,,,,,,,,,,,,,,,,
의,,,,,,,,,,,,,,,,,,,,,,,,,,,,,
[   ]기능습득  교육이수증,,,,,,,,,,,,,,,,,,,,,,,,,,,,,
재발급을  받고자  신청합니다.,,,,,,,,,,,,,,,,,,,,,,,,,,,,,
년      월        일,,,,,,,,,,,,,,,,,,,,,,,,,,,,,
신청인(대표자),,,,,,,,,,,,,,,,,,,,,,,,,,,,,
(서명 또는 인),,,,,,,,,,,,,,,,,,,,,,,,,,,,,
교육실시기관의  장 귀하,,,,,,,,,,,,,,,,,,,,,,,,,,,,,
첨부서류,,헐어서 못 쓰게 된 경우에는 헐어서 못 쓰게 된 수료증,,,,,,,,,,,,,,,,,,,,,,,,,수수료 없음,,
,,,,,,,,,,,,,,,,,,,,,,,,,,,,,
210mm×297mm(일반용지 60g/㎡(재활용품)),,,,,,,,,,,,,,,,,,,,,,,,,,,,,
